# Symbol,XAUUSD.iux,Timeframe,H4,Timezone,UTC-12
Time,Open,High,Low,Close,TickVolume
2026.08.03 20:00,4043.48,4058.22,4043.45,4052.88,18568
2026.08.04 00:00,4052.86,4069.32,4042.7,4058.9,43515
2026.08.04 04:00,4058.84,4067.82,4051.22,4063.45,36648
2026.08.04 08:00,4063.49,4072.89,4045.6,4053.81,39723
2026.08.04 12:00,4053.75,4093.93,4052.41,4083.58,72200
2026.08.04 16:00,4083.56,4106.21,4074.79,4079.92,51247
2026.08.04 20:00,4079.93,4085.85,4074.75,4075.81,21176
2026.08.05 00:00,4075.98,4135.3,4065.48,4129.27,52684
2026.08.05 04:00,4129.24,4178.41,4126.93,4177.56,49874
2026.08.05 08:00,4177.64,4179.51,4150.28,4161.54,44233
2026.08.05 12:00,4161.43,4247.53,4160.91,4244.13,81006
2026.08.05 16:00,4244.14,4267.78,4224.76,4260.89,68262
2026.08.05 20:00,4260.73,4262.13,4242.8,4249.95,22713
2026.08.06 00:00,4249.93,4304.04,4249.05,4278.59,66345
2026.08.06 04:00,4278.61,4280.85,4247.31,4256.16,48866
2026.08.06 08:00,4256.01,4284.76,4252.64,4270.86,42168
2026.08.06 12:00,4270.87,4275.23,4230.84,4272.99,68645
2026.08.06 16:00,4273.04,4274.31,4223.43,4243.41,59339
2026.08.06 20:00,4243.49,4251.27,4233.03,4240.74,21135
2026.08.07 00:00,4240.66,4261.67,4229.73,4250.39,49235
2026.08.07 04:00,4250.41,4298.78,4249.66,4297.24,46860
2026.08.07 08:00,4297.23,4320.75,4282.97,4316.88,44931
2026.08.07 12:00,4317.03,4371.71,4301.55,4341.49,84454
2026.08.07 16:00,4341.48,4358.41,4327.88,4335.54,61629
2026.08.07 20:00,4335.55,4350.33,4335.46,4341.83,20183
2026.08.09 20:00,4339.93,4346.04,4334.23,4341.71,4853
2026.08.10 00:00,4341.73,4348.97,4313.45,4319.69,51675
2026.08.10 04:00,4319.73,4359.82,4317.63,4358.09,41477
2026.08.10 08:00,4358.12,4362.0,4335.48,4335.79,42343
2026.08.10 12:00,4336.04,4351.9,4316.69,4345.42,63934
2026.08.10 16:00,4345.55,4383.01,4343.34,4378.59,63530
2026.08.10 20:00,4378.6,4400.63,4378.59,4399.11,26146
2026.08.11 00:00,4399.82,4435.15,4393.76,4410.91,50750
2026.08.11 04:00,4410.85,4421.59,4359.89,4366.12,52461
2026.08.11 08:00,4366.16,4382.51,4356.76,4382.3,42884
2026.08.11 12:00,4382.32,4404.15,4380.44,4394.12,68066
2026.08.11 16:00,4394.18,4398.81,4360.28,4371.57,53194
2026.08.11 20:00,4371.58,4378.43,4361.35,4368.96,20691
2026.08.12 00:00,4369.01,4414.47,4362.54,4411.29,44348
2026.08.12 04:00,4411.31,4415.77,4383.97,4403.47,42110
2026.08.12 08:00,4403.45,4424.16,4398.21,4412.75,37438
2026.08.12 12:00,4412.83,4441.1,4382.25,4421.98,79565
2026.08.12 16:00,4422.08,4430.05,4396.34,4413.03,59144
2026.08.12 20:00,4413.02,4418.43,4398.38,4402.37,18563
2026.08.13 00:00,4402.3,4449.69,4399.0,4407.07,51986
2026.08.13 04:00,4407.15,4412.24,4369.04,4381.05,49093
2026.08.13 08:00,4380.92,4393.86,4364.17,4392.19,37942
2026.08.13 12:00,4392.15,4402.09,4357.6,4383.67,68663
2026.08.13 16:00,4383.68,4385.68,4351.29,4356.97,65967
2026.08.13 20:00,4357.08,4362.82,4343.94,4354.83,25340
2026.08.14 00:00,4355.04,4364.11,4311.02,4315.66,54237
2026.08.14 04:00,4315.75,4336.66,4311.21,4335.67,39636
2026.08.14 08:00,4335.65,4358.73,4329.72,4349.4,33011
2026.08.14 12:00,4349.57,4397.02,4348.56,4381.37,60903
2026.08.14 16:00,4381.42,4396.64,4370.92,4373.54,52705
2026.08.14 20:00,4373.53,4379.95,4371.55,4375.5,14192
2026.08.16 20:00,4372.76,4386.67,4371.82,4385.99,5051
2026.08.17 00:00,4385.97,4416.51,4367.54,4393.17,48033
2026.08.17 04:00,4393.21,4404.6,4386.99,4403.09,38719
2026.08.17 08:00,4403.11,4411.4,4391.88,4398.96,34578
2026.08.17 12:00,4399.08,4427.6,4377.31,4417.24,64879
2026.08.17 16:00,4417.3,4428.83,4398.29,4406.71,55795
2026.08.17 20:00,4406.63,4421.33,4400.21,4411.73,20921
2026.08.18 00:00,4411.87,4436.18,4394.25,4399.9,47950
2026.08.18 04:00,4399.88,4404.09,4386.11,4398.88,40888
2026.08.18 08:00,4398.87,4403.72,4386.93,4397.64,38395
2026.08.18 12:00,4397.76,4406.65,4363.89,4366.63,64399
2026.08.18 16:00,4366.61,4377.5,4351.68,4354.32,60005
2026.08.18 20:00,4354.54,4358.69,4329.19,4333.81,23747
2026.08.19 00:00,4334.06,4362.06,4324.68,4355.0,52577
2026.08.19 04:00,4354.98,4360.38,4335.14,4349.16,38927
2026.08.19 08:00,4349.08,4369.57,4347.45,4367.25,39797
2026.08.19 12:00,4367.34,4498.61,4362.05,4488.22,88212
2026.08.19 16:00,4488.19,4499.35,4472.18,4495.17,74159
2026.08.19 20:00,4495.16,4525.44,4494.48,4518.86,32520
2026.08.20 00:00,4518.87,4523.69,4484.44,4490.67,57033
2026.08.20 04:00,4490.71,4501.01,4478.02,4493.78,43548
2026.08.20 08:00,4493.63,4498.73,4480.76,4490.09,45479
2026.08.20 12:00,4490.1,4516.27,4450.62,4515.98,79363
2026.08.20 16:00,4515.91,4540.96,4502.78,4522.08,69984
2026.08.20 20:00,4522.09,4532.09,4516.8,4524.24,22425
2026.08.21 00:00,4524.15,4543.62,4508.9,4533.79,51775
2026.08.21 04:00,4533.81,4567.61,4526.85,4560.99,45436
2026.08.21 08:00,4560.95,4601.99,4558.53,4588.5,46751
2026.08.21 12:00,4588.55,4604.6,4563.46,4591.61,73804
2026.08.21 16:00,4591.63,4632.12,4587.38,4624.32,68811
2026.08.21 20:00,4624.34,4625.55,4602.44,4603.79,21705
2026.08.23 20:00,4610.24,4620.74,4606.11,4606.19,6634
2026.08.24 00:00,4606.29,4656.77,4594.72,4643.73,68359
2026.08.24 04:00,4643.75,4659.8,4629.84,4649.98,58618
2026.08.24 08:00,4649.94,4654.54,4628.87,4643.31,48006
2026.08.24 12:00,4643.33,4680.94,4639.16,4670.35,81345
2026.08.24 16:00,4670.34,4679.59,4625.22,4636.63,78225
2026.08.24 20:00,4636.62,4668.43,4636.0,4667.77,23998
2026.08.25 00:00,4667.7,4696.68,4618.09,4629.61,68387
2026.08.25 04:00,4629.59,4653.47,4622.3,4638.28,56691
2026.08.25 08:00,4638.27,4645.47,4620.17,4639.39,52237
2026.08.25 12:00,4639.2,4647.44,4605.22,4635.65,70629
2026.08.25 16:00,4635.59,4659.4,4629.47,4654.57,57244
2026.08.25 20:00,4654.56,4673.72,4653.39,4672.51,25407
2026.08.26 00:00,4672.54,4673.54,4629.9,4658.41,53993
2026.08.26 04:00,4658.44,4658.59,4624.67,4634.32,43895
2026.08.26 08:00,4634.28,4639.39,4613.43,4620.25,37754
2026.08.26 12:00,4620.3,4633.36,4598.01,4602.94,72739
2026.08.26 16:00,4602.96,4609.28,4583.09,4593.79,63072
2026.08.26 20:00,4593.77,4613.33,4584.07,4609.43,27174
2026.08.27 00:00,4609.44,4643.04,4600.49,4629.61,53667
2026.08.27 04:00,4629.63,4638.62,4597.89,4600.32,47750
2026.08.27 08:00,4600.24,4606.87,4569.14,4590.07,44938
2026.08.27 12:00,4590.09,4601.07,4565.58,4591.25,69138
2026.08.27 16:00,4591.15,4616.62,4588.8,4610.36,65242
2026.08.27 20:00,4610.47,4618.11,4599.87,4610.75,24734
2026.08.28 00:00,4610.7,4611.46,4575.08,4586.37,47821
2026.08.28 04:00,4586.19,4613.29,4571.63,4612.68,43659
2026.08.28 08:00,4612.54,4614.55,4596.63,4600.14,44808
2026.08.28 12:00,4600.19,4631.3,4529.83,4576.62,82413
2026.08.28 16:00,4576.73,4582.95,4445.43,4456.95,107070
2026.08.28 20:00,4456.86,4466.93,4452.89,4455.88,26341
2026.08.30 20:00,4445.76,4465.96,4445.51,4461.46,8278
2026.08.31 00:00,4461.28,4471.94,4396.5,4422.9,70917
2026.08.31 04:00,4422.89,4443.81,4412.95,4439.46,51862
2026.08.31 08:00,4439.38,4455.6,4433.82,4453.89,39277
2026.08.31 12:00,4453.87,4463.98,4415.65,4431.56,72237
2026.08.31 16:00,4431.71,4440.24,4423.79,4430.92,60636
2026.08.31 20:00,4430.96,4455.86,4429.17,4446.99,24292
2026.09.01 00:00,4447.03,4461.41,4427.71,4443.15,53784
2026.09.01 04:00,4443.06,4446.03,4424.15,4429.58,46633
2026.09.01 08:00,4429.59,4434.96,4364.23,4378.2,68990
2026.09.01 12:00,4378.21,4387.22,4326.23,4360.27,87053
2026.09.01 16:00,4360.36,4374.76,4328.28,4331.69,75915
2026.09.01 20:00,4331.68,4337.65,4322.96,4329.41,26953
2026.09.02 00:00,4329.36,4335.79,4287.23,4302.89,63303
2026.09.02 04:00,4302.85,4329.29,4282.59,4321.7,55337
2026.09.02 08:00,4321.71,4331.6,4301.71,4309.24,55446
2026.09.02 12:00,4309.29,4397.61,4307.57,4376.97,85425
2026.09.02 16:00,4376.88,4380.88,4364.53,4374.18,62747
2026.09.02 20:00,4374.33,4392.98,4371.77,4384.66,23142
2026.09.03 00:00,4384.69,4420.53,4381.24,4420.39,52057
2026.09.03 04:00,4420.35,4440.21,4418.68,4420.65,52814
2026.09.03 08:00,4420.63,4443.55,4419.05,4427.55,56856
2026.09.03 12:00,4427.41,4495.92,4425.03,4485.3,85733
2026.09.03 16:00,4485.32,4510.76,4473.99,4475.19,65824
2026.09.03 20:00,4475.03,4480.76,4470.57,4474.59,24524
2026.09.04 00:00,4474.57,4487.22,4467.19,4477.25,44756
2026.09.04 04:00,4477.26,4478.58,4460.17,4462.99,40451
2026.09.04 08:00,4463.03,4490.8,4461.64,4472.89,41851
2026.09.04 12:00,4472.86,4475.93,4365.56,4427.47,87803
2026.09.04 16:00,4427.56,4448.95,4412.15,4423.96,63540
2026.09.04 20:00,4423.97,4438.4,4422.54,4429.91,14975
2026.09.06 20:00,4422.13,4435.24,4421.53,4429.39,3838
2026.09.07 00:00,4429.38,4434.06,4389.7,4408.83,49289
2026.09.07 04:00,4408.84,4413.28,4385.28,4392.8,39805
2026.09.07 08:00,4392.98,4423.92,4388.13,4391.68,44686
2026.09.07 12:00,4391.66,4419.62,4381.11,4416.09,40886
2026.09.07 16:00,4416.07,4417.33,4403.68,4405.48,18024
2026.09.07 20:00,4412.22,4413.44,4406.24,4407.65,3233
2026.09.08 00:00,4407.47,4440.81,4407.26,4424.53,55460
2026.09.08 04:00,4424.44,4442.98,4398.2,4403.76,50461
2026.09.08 08:00,4403.81,4409.44,4387.91,4395.33,54511
2026.09.08 12:00,4395.29,4412.94,4385.4,4398.68,76382
2026.09.08 16:00,4398.67,4409.34,4358.28,4375.64,63767
2026.09.08 20:00,4375.62,4377.21,4345.45,4354.16,29392
2026.09.09 00:00,4354.17,4384.45,4341.32,4382.29,49428
2026.09.09 04:00,4382.23,4406.06,4370.65,4400.58,42378
2026.09.09 08:00,4400.62,4412.81,4386.26,4399.67,49353
2026.09.09 12:00,4399.63,4434.1,4390.9,4418.68,77499
2026.09.09 16:00,4418.72,4432.22,4375.12,4403.17,70851
2026.09.09 20:00,4403.16,4406.15,4393.49,4399.67,24313
2026.09.10 00:00,4399.63,4420.87,4389.63,4419.46,54377
2026.09.10 04:00,4419.51,4434.49,4405.67,4425.27,47738
2026.09.10 08:00,4425.19,4425.41,4375.36,4378.99,60937
2026.09.10 12:00,4378.95,4390.75,4324.05,4358.08,100202
2026.09.10 16:00,4358.18,4372.25,4329.94,4333.01,82820
2026.09.10 20:00,4332.96,4332.96,4313.73,4318.63,31487
2026.09.11 00:00,4318.54,4340.52,4311.24,4322.84,58903
2026.09.11 04:00,4322.8,4360.92,4300.86,4353.31,64055
2026.09.11 08:00,4353.03,4357.46,4336.72,4337.59,55341
2026.09.11 12:00,4337.62,4402.51,4291.71,4370.84,96665
2026.09.11 16:00,4370.85,4377.2,4344.13,4347.01,71577
2026.09.11 20:00,4347.25,4353.74,4342.8,4348.87,19807
2026.09.13 20:00,4338.11,4342.34,4328.21,4337.96,7956
2026.09.14 00:00,4337.95,4355.37,4326.19,4330.91,61866
2026.09.14 04:00,4330.9,4338.73,4320.68,4322.18,51676
2026.09.14 08:00,4322.1,4324.25,4278.4,4294.68,64161
2026.09.14 12:00,4294.62,4297.6,4253.6,4279.5,62077
2026.09.14 16:00,4279.55,4317.62,4272.65,4307.35,54191
2026.09.14 20:00,4307.4,4307.86,4282.36,4295.56,27286
2026.09.15 00:00,4295.54,4317.37,4283.41,4314.16,51243
2026.09.15 04:00,4314.19,4314.5,4286.05,4293.46,48368
2026.09.15 08:00,4293.44,4295.58,4261.37,4281.54,59447
2026.09.15 12:00,4281.55,4300.44,4271.39,4277.1,75310
2026.09.15 16:00,4276.95,4310.4,4276.63,4308.74,62415
2026.09.15 20:00,4308.82,4310.71,4288.91,4289.04,24440
2026.09.16 00:00,4288.96,4323.44,4275.51,4321.73,53640
2026.09.16 04:00,4321.7,4341.09,4320.61,4332.99,54110
2026.09.16 08:00,4332.98,4349.73,4323.07,4348.46,55005
2026.09.16 12:00,4348.9,4360.31,4324.11,4355.01,68491
2026.09.16 16:00,4355.07,4367.18,4257.35,4261.07,77411
2026.09.16 20:00,4261.16,4287.24,4234.97,4266.61,50604
2026.09.17 00:00,4266.62,4318.29,4258.91,4277.22,67154
2026.09.17 04:00,4277.19,4315.28,4277.1,4310.79,54004
2026.09.17 08:00,4310.9,4335.36,4305.09,4324.25,55891
2026.09.17 12:00,4324.24,4381.28,4323.35,4354.0,91213
2026.09.17 16:00,4354.01,4372.55,4348.45,4351.54,61020
2026.09.17 20:00,4351.52,4356.06,4340.52,4344.44,24941
2026.09.18 00:00,4344.41,4365.66,4339.9,4346.87,50312
2026.09.18 04:00,4346.81,4397.33,4334.4,4393.43,54841
2026.09.18 08:00,4393.48,4399.57,4373.42,4381.7,55844
2026.09.18 12:00,4381.74,4388.49,4342.72,4353.1,84004
2026.09.18 16:00,4353.04,4397.04,4348.06,4382.21,64538
