# Symbol,XAUUSD.iux,Timeframe,D1,Timezone,UTC+1
Time,Open,High,Low,Close,TickVolume
2026.06.17,4335.47,4382.28,4219.13,4266.78,290990
2026.06.18,4266.79,4329.89,4201.5,4207.44,329663
2026.06.19,4207.46,4208.34,4121.78,4156.13,207998
2026.06.21,4156.21,4159.38,4147.21,4156.35,8528
2026.06.22,4156.18,4220.78,4136.49,4189.97,303918
2026.06.23,4189.92,4198.52,4090.94,4104.34,325549
2026.06.24,4104.31,4112.07,3959.09,3996.4,401702
2026.06.25,3996.45,4044.17,3963.62,4026.36,354361
2026.06.26,4026.29,4096.08,3983.04,4087.63,311331
2026.06.28,4075.62,4083.48,4052.74,4066.4,10271
2026.06.29,4066.41,4075.7,4000.16,4014.2,285522
2026.06.30,4014.47,4063.4,3942.68,4013.16,300655
2026.07.01,4013.14,4115.41,3960.16,4045.08,299057
2026.07.02,4044.95,4144.02,4030.8,4124.74,321963
2026.07.03,4124.76,4195.44,4121.09,4174.86,182898
2026.07.05,4179.75,4191.54,4176.84,4188.19,7398
2026.07.06,4188.16,4202.8,4128.43,4164.32,263043
2026.07.07,4164.29,4180.44,4092.18,4098.41,297856
2026.07.08,4098.47,4133.92,4021.78,4076.65,399051
2026.07.09,4076.66,4138.08,4054.26,4121.78,288699
2026.07.10,4121.83,4134.79,4072.59,4119.36,233434
2026.07.12,4091.09,4094.0,4070.27,4076.81,12026
2026.07.13,4076.83,4091.13,3986.47,4001.05,351945
2026.07.14,4001.01,4102.97,3983.67,4049.07,333350
2026.07.15,4049.12,4081.19,4017.45,4059.65,310781
2026.07.16,4059.64,4062.09,3969.3,3978.43,335026
2026.07.17,3978.44,4023.75,3959.72,4016.99,345003
2026.07.19,3996.22,4001.88,3993.45,3994.81,7142
2026.07.20,3994.83,4040.7,3982.63,4000.48,307349
2026.07.21,4000.59,4087.06,4000.26,4080.52,275193
2026.07.22,4080.5,4165.99,4076.77,4121.75,297367
2026.07.23,4121.9,4141.06,4040.06,4049.59,313377
2026.07.24,4049.61,4082.04,4022.01,4052.4,251756
2026.07.26,4089.13,4093.72,4083.54,4089.78,4629
2026.07.27,4089.45,4116.17,4065.31,4074.27,278377
2026.07.28,4074.13,4075.06,4011.52,4018.32,283304
2026.07.29,4018.31,4116.34,3995.92,4088.52,308298
2026.07.30,4088.37,4120.32,4028.43,4109.15,347554
2026.07.31,4109.21,4111.86,4021.07,4043.71,287077
2026.08.02,4075.17,4078.56,4063.47,4063.73,8543
2026.08.03,4063.7,4079.09,4019.07,4052.88,276143
2026.08.04,4052.86,4106.21,4042.7,4075.81,264509
2026.08.05,4075.98,4267.78,4065.48,4249.95,318772
2026.08.06,4249.93,4304.04,4223.43,4240.74,306498
2026.08.07,4240.66,4371.71,4229.73,4341.83,307292
2026.08.09,4339.93,4346.04,4334.23,4341.71,4853
2026.08.10,4341.73,4400.63,4313.45,4399.11,289105
2026.08.11,4399.82,4435.15,4356.76,4368.96,288046
2026.08.12,4369.01,4441.1,4362.54,4402.37,281168
2026.08.13,4402.3,4449.69,4343.94,4354.83,298991
2026.08.14,4355.04,4397.02,4311.02,4375.5,254684
2026.08.16,4372.76,4386.67,4371.82,4385.99,5051
2026.08.17,4385.97,4428.83,4367.54,4411.73,262925
2026.08.18,4411.87,4436.18,4329.19,4333.81,275384
2026.08.19,4334.06,4525.44,4324.68,4518.86,326192
2026.08.20,4518.87,4540.96,4450.62,4524.24,317832
2026.08.21,4524.15,4632.12,4508.9,4603.79,308282
2026.08.23,4610.24,4620.74,4606.11,4606.19,6634
2026.08.24,4606.29,4680.94,4594.72,4667.77,358551
2026.08.25,4667.7,4696.68,4605.22,4672.51,330595
2026.08.26,4672.54,4673.54,4583.09,4609.43,298627
2026.08.27,4609.44,4643.04,4565.58,4610.75,305469
2026.08.28,4610.7,4631.3,4445.43,4455.88,352112
2026.08.30,4445.76,4465.96,4445.51,4461.46,8278
2026.08.31,4461.28,4471.94,4396.5,4446.99,319221
2026.09.01,4447.03,4461.41,4322.96,4329.41,359328
2026.09.02,4329.36,4397.61,4282.59,4384.66,345400
2026.09.03,4384.69,4510.76,4381.24,4474.59,337808
2026.09.04,4474.57,4490.8,4365.56,4429.91,293376
2026.09.06,4422.13,4435.24,4421.53,4429.39,3838
2026.09.07,4429.38,4434.06,4381.11,4407.65,195923
2026.09.08,4407.47,4442.98,4345.45,4354.16,329973
2026.09.09,4354.17,4434.1,4341.32,4399.67,313822
2026.09.10,4399.63,4434.49,4313.73,4318.63,377561
2026.09.11,4318.54,4402.51,4291.71,4348.87,366348
2026.09.13,4338.11,4342.34,4328.21,4337.96,7956
2026.09.14,4337.95,4355.37,4253.6,4295.56,321257
2026.09.15,4295.54,4317.37,4261.37,4289.04,321223
2026.09.16,4288.96,4367.18,4234.97,4266.61,359261
2026.09.17,4266.62,4381.28,4258.91,4344.44,354223
2026.09.18,4344.41,4399.57,4334.4,4377.63,328789
2026.09.20,4379.67,4382.02,4373.73,4373.75,7205
2026.09.21,4373.76,4383.37,4322.76,4361.05,301695
2026.09.22,4361.16,4376.18,4291.55,4362.26,358778
2026.09.23,4362.29,4369.38,4274.89,4289.46,312978
2026.09.24,4289.45,4303.27,4244.36,4272.36,373016
2026.09.25,4272.37,4315.7,4254.54,4285.55,344461
2026.09.27,4272.22,4274.84,4257.93,4260.05,7340
2026.09.28,4260.15,4266.22,4110.89,4121.5,387223
2026.09.29,4121.67,4185.25,4113.34,4178.88,338014
