# Symbol,XAUUSD.iux,Timeframe,M5,Timezone,UTC+1
Time,Open,High,Low,Close,TickVolume
2026.09.24 12:30,4263.81,4266.02,4261.35,4261.36,1277
2026.09.24 12:35,4261.37,4262.39,4258.22,4259.67,1140
2026.09.24 12:40,4259.66,4261.26,4258.56,4260.71,939
2026.09.24 12:45,4260.7,4261.53,4259.56,4260.59,1045
2026.09.24 12:50,4260.65,4261.37,4259.01,4260.63,1073
2026.09.24 12:55,4260.69,4266.39,4259.44,4265.95,1223
2026.09.24 13:00,4265.89,4265.99,4260.53,4261.77,1750
2026.09.24 13:05,4261.72,4266.38,4260.87,4265.12,1506
2026.09.24 13:10,4265.15,4269.87,4264.44,4268.78,1378
2026.09.24 13:15,4268.79,4271.05,4267.78,4269.21,1492
2026.09.24 13:20,4269.32,4272.07,4266.89,4270.13,1565
2026.09.24 13:25,4270.12,4271.67,4266.99,4271.65,1409
2026.09.24 13:30,4271.72,4273.02,4265.88,4266.86,1561
2026.09.24 13:35,4266.93,4269.24,4264.82,4268.42,1715
2026.09.24 13:40,4268.37,4274.1,4268.17,4271.89,1854
2026.09.24 13:45,4271.85,4274.89,4271.24,4274.32,1659
2026.09.24 13:50,4274.36,4280.31,4272.54,4280.14,1718
2026.09.24 13:55,4280.15,4283.33,4279.25,4281.09,1835
2026.09.24 14:00,4281.06,4285.0,4279.37,4280.3,2003
2026.09.24 14:05,4280.26,4282.52,4277.04,4279.63,1714
2026.09.24 14:10,4279.66,4282.8,4277.4,4278.32,1534
2026.09.24 14:15,4278.3,4278.8,4276.05,4277.94,1495
2026.09.24 14:20,4277.99,4279.13,4275.85,4277.11,1356
2026.09.24 14:25,4277.0,4278.12,4275.53,4276.4,1552
2026.09.24 14:30,4276.37,4277.84,4272.17,4272.91,2269
2026.09.24 14:35,4272.88,4275.89,4270.13,4271.75,2143
2026.09.24 14:40,4271.62,4273.96,4267.55,4273.25,2071
2026.09.24 14:45,4273.27,4276.31,4270.39,4271.35,2180
2026.09.24 14:50,4271.37,4271.99,4265.91,4266.29,2049
2026.09.24 14:55,4266.28,4269.18,4264.86,4267.58,1813
2026.09.24 15:00,4267.61,4270.91,4265.45,4270.69,2023
2026.09.24 15:05,4270.72,4273.15,4267.75,4270.32,2015
2026.09.24 15:10,4270.26,4271.66,4266.92,4269.7,1920
2026.09.24 15:15,4269.71,4271.56,4264.13,4264.9,2141
2026.09.24 15:20,4264.97,4264.98,4261.17,4263.73,1891
2026.09.24 15:25,4263.72,4268.94,4261.93,4267.38,1912
2026.09.24 15:30,4267.4,4267.4,4256.64,4261.85,1923
2026.09.24 15:35,4261.75,4262.37,4255.62,4257.0,1912
2026.09.24 15:40,4256.97,4257.3,4254.01,4256.5,1821
2026.09.24 15:45,4256.51,4258.49,4254.66,4257.39,1707
2026.09.24 15:50,4257.43,4262.05,4257.28,4259.83,1723
2026.09.24 15:55,4259.84,4259.86,4252.5,4253.16,1778
2026.09.24 16:00,4253.1,4254.12,4249.7,4250.74,1929
2026.09.24 16:05,4250.49,4251.38,4248.63,4249.63,1707
2026.09.24 16:10,4249.64,4250.99,4244.76,4247.03,1791
2026.09.24 16:15,4247.05,4253.28,4246.48,4250.43,2100
2026.09.24 16:20,4250.4,4255.51,4249.65,4255.26,1848
2026.09.24 16:25,4255.27,4255.5,4248.99,4250.38,1787
2026.09.24 16:30,4250.42,4250.79,4246.38,4247.87,1687
2026.09.24 16:35,4247.86,4253.83,4246.81,4253.82,1772
2026.09.24 16:40,4253.8,4255.51,4252.31,4255.22,1570
2026.09.24 16:45,4255.25,4257.02,4253.4,4254.7,1612
2026.09.24 16:50,4254.68,4260.58,4254.18,4257.57,1599
2026.09.24 16:55,4257.72,4257.81,4254.92,4256.68,1457
2026.09.24 17:00,4256.7,4258.36,4254.59,4258.36,1526
2026.09.24 17:05,4258.4,4258.51,4252.68,4253.24,1209
2026.09.24 17:10,4253.28,4257.86,4253.07,4257.86,1114
2026.09.24 17:15,4258.81,4288.52,4258.49,4274.34,2820
2026.09.24 17:20,4274.35,4281.17,4271.34,4276.09,2639
2026.09.24 17:25,4276.08,4278.07,4271.83,4275.62,2316
2026.09.24 17:30,4275.64,4278.14,4270.48,4273.93,2172
2026.09.24 17:35,4273.84,4278.81,4272.73,4277.28,2098
2026.09.24 17:40,4277.25,4285.47,4274.26,4274.26,2071
2026.09.24 17:45,4274.29,4277.44,4272.68,4275.21,1995
2026.09.24 17:50,4275.23,4278.67,4271.11,4272.89,2009
2026.09.24 17:55,4273.01,4276.33,4272.93,4273.13,1595
2026.09.24 18:00,4273.12,4277.97,4269.26,4272.14,2218
2026.09.24 18:05,4272.11,4274.24,4269.99,4271.04,1895
2026.09.24 18:10,4271.03,4271.74,4266.58,4271.18,2000
2026.09.24 18:15,4271.01,4271.22,4262.37,4262.59,1682
2026.09.24 18:20,4262.55,4265.78,4260.99,4261.33,1893
2026.09.24 18:25,4261.35,4263.26,4259.27,4262.88,1826
2026.09.24 18:30,4262.95,4267.25,4262.95,4263.05,1760
2026.09.24 18:35,4263.04,4263.85,4261.61,4262.27,1503
2026.09.24 18:40,4262.28,4263.06,4258.31,4258.91,1617
2026.09.24 18:45,4258.93,4260.7,4257.93,4258.78,1389
2026.09.24 18:50,4258.65,4261.47,4258.32,4260.69,1371
2026.09.24 18:55,4260.7,4265.94,4260.56,4264.81,1336
2026.09.24 19:00,4264.79,4265.78,4256.23,4257.85,2055
2026.09.24 19:05,4257.84,4263.39,4257.42,4262.49,1865
2026.09.24 19:10,4262.5,4269.93,4262.29,4269.67,1679
2026.09.24 19:15,4269.68,4272.12,4267.91,4268.99,1691
2026.09.24 19:20,4268.98,4269.87,4267.02,4269.23,1509
2026.09.24 19:25,4269.16,4275.43,4268.58,4274.63,2137
2026.09.24 19:30,4274.6,4276.93,4270.32,4270.44,1743
2026.09.24 19:35,4270.43,4281.62,4267.73,4277.52,1880
2026.09.24 19:40,4277.54,4277.6,4269.85,4271.4,1839
2026.09.24 19:45,4271.46,4272.69,4270.4,4272.6,1352
2026.09.24 19:50,4272.59,4276.9,4272.24,4273.34,1570
2026.09.24 19:55,4273.43,4274.77,4271.4,4271.88,1424
2026.09.24 20:00,4271.92,4272.55,4266.97,4268.32,1872
2026.09.24 20:05,4268.29,4270.41,4268.06,4269.77,1467
2026.09.24 20:10,4269.76,4269.88,4267.38,4267.63,1245
2026.09.24 20:15,4267.6,4271.3,4267.6,4271.05,1095
2026.09.24 20:20,4271.04,4274.52,4269.42,4274.5,1375
2026.09.24 20:25,4274.51,4275.88,4271.53,4272.18,1284
2026.09.24 20:30,4272.29,4273.11,4271.47,4273.01,1212
2026.09.24 20:35,4273.03,4275.59,4271.69,4275.58,1081
2026.09.24 20:40,4275.57,4275.71,4273.69,4274.45,1179
2026.09.24 20:45,4274.44,4275.91,4273.43,4273.61,1052
2026.09.24 20:50,4273.86,4274.98,4272.7,4274.86,1121
2026.09.24 20:55,4274.56,4275.18,4272.47,4273.81,1117
2026.09.24 21:00,4273.88,4274.51,4271.31,4272.12,954
2026.09.24 21:05,4272.02,4272.51,4270.19,4270.49,713
2026.09.24 21:10,4270.44,4272.91,4269.79,4269.83,759
2026.09.24 21:15,4269.88,4270.61,4264.93,4265.33,991
2026.09.24 21:20,4265.34,4266.82,4264.5,4265.86,868
2026.09.24 21:25,4265.85,4266.69,4264.34,4265.44,719
2026.09.24 21:30,4265.47,4267.24,4265.05,4266.85,610
2026.09.24 21:35,4266.86,4268.83,4266.09,4268.83,672
2026.09.24 21:40,4268.88,4271.61,4268.67,4270.9,726
2026.09.24 21:45,4270.96,4272.67,4270.43,4271.76,582
2026.09.24 21:50,4271.8,4273.03,4271.25,4272.96,598
2026.09.24 21:55,4273.01,4275.11,4272.64,4274.67,524
2026.09.24 23:00,4274.73,4275.67,4273.72,4274.34,467
2026.09.24 23:05,4274.42,4274.48,4271.56,4271.89,597
2026.09.24 23:10,4271.93,4271.93,4270.24,4270.42,626
2026.09.24 23:15,4270.44,4270.91,4268.11,4268.37,460
2026.09.24 23:20,4268.35,4270.12,4267.81,4270.06,567
2026.09.24 23:25,4270.03,4271.61,4269.63,4271.13,480
2026.09.24 23:30,4271.12,4273.04,4270.97,4272.07,573
2026.09.24 23:35,4272.06,4272.13,4269.39,4270.03,477
2026.09.24 23:40,4270.02,4272.31,4268.8,4270.91,823
2026.09.24 23:45,4270.94,4272.28,4270.81,4271.33,397
2026.09.24 23:50,4271.36,4272.59,4270.99,4272.16,368
2026.09.24 23:55,4272.04,4274.62,4271.82,4272.36,490
2026.09.25 00:00,4272.37,4275.37,4272.32,4273.89,613
2026.09.25 00:05,4274.0,4275.21,4271.94,4273.61,807
2026.09.25 00:10,4273.59,4274.8,4272.2,4273.35,642
2026.09.25 00:15,4273.23,4274.96,4271.44,4273.38,726
2026.09.25 00:20,4273.2,4274.24,4272.32,4273.0,471
2026.09.25 00:25,4273.04,4273.16,4271.63,4271.96,472
2026.09.25 00:30,4271.92,4274.22,4270.87,4272.63,580
2026.09.25 00:35,4272.57,4275.91,4272.46,4274.53,613
2026.09.25 00:40,4274.52,4274.82,4273.39,4274.51,490
2026.09.25 00:45,4274.48,4274.49,4271.49,4271.56,782
2026.09.25 00:50,4271.54,4271.76,4267.35,4267.49,702
2026.09.25 00:55,4267.48,4267.88,4264.84,4264.93,869
2026.09.25 01:00,4264.98,4270.42,4264.32,4269.79,1530
2026.09.25 01:05,4269.8,4270.04,4267.03,4268.74,1388
2026.09.25 01:10,4268.72,4269.36,4265.62,4266.3,1394
2026.09.25 01:15,4266.33,4268.56,4264.75,4267.73,1355
2026.09.25 01:20,4267.64,4270.42,4266.32,4269.5,1163
2026.09.25 01:25,4269.51,4270.69,4268.45,4270.59,1057
2026.09.25 01:30,4270.6,4270.61,4267.24,4269.81,1078
2026.09.25 01:35,4269.95,4270.67,4268.92,4269.78,1013
2026.09.25 01:40,4269.81,4272.62,4269.58,4271.34,1061
2026.09.25 01:45,4271.37,4273.9,4270.46,4273.44,1193
2026.09.25 01:50,4273.43,4274.46,4272.53,4273.31,1048
2026.09.25 01:55,4273.3,4281.06,4273.04,4278.46,1197
2026.09.25 02:00,4278.43,4283.68,4276.85,4281.62,1530
2026.09.25 02:05,4281.61,4285.32,4280.56,4284.43,1238
2026.09.25 02:10,4284.55,4290.62,4283.93,4289.98,1313
2026.09.25 02:15,4289.95,4291.83,4288.9,4289.67,1107
2026.09.25 02:20,4289.78,4293.63,4289.51,4292.94,1141
2026.09.25 02:25,4292.91,4294.22,4291.92,4293.72,1033
2026.09.25 02:30,4293.7,4295.05,4291.64,4292.42,1335
2026.09.25 02:35,4292.4,4295.56,4291.61,4294.78,1163
2026.09.25 02:40,4294.73,4295.86,4292.55,4292.69,1141
2026.09.25 02:45,4292.67,4292.76,4287.54,4288.43,1080
2026.09.25 02:50,4288.41,4288.41,4286.42,4287.62,1284
2026.09.25 02:55,4287.61,4289.18,4287.18,4287.85,1264
2026.09.25 03:00,4287.87,4292.32,4287.87,4291.26,1183
2026.09.25 03:05,4291.22,4295.27,4290.96,4294.72,1225
2026.09.25 03:10,4294.61,4295.03,4290.11,4290.15,1098
2026.09.25 03:15,4290.13,4290.98,4288.78,4290.59,894
2026.09.25 03:20,4290.58,4292.53,4290.28,4290.45,979
2026.09.25 03:25,4290.44,4290.46,4287.9,4288.09,945
2026.09.25 03:30,4288.1,4288.7,4287.23,4287.68,879
2026.09.25 03:35,4287.69,4288.11,4284.31,4285.2,1043
2026.09.25 03:40,4285.25,4287.42,4282.29,4286.01,1103
2026.09.25 03:45,4285.88,4286.44,4280.79,4280.79,1110
2026.09.25 03:50,4280.78,4282.46,4277.66,4282.4,1192
2026.09.25 03:55,4282.41,4283.94,4281.31,4283.76,1087
2026.09.25 04:00,4283.79,4284.54,4282.14,4283.6,1003
2026.09.25 04:05,4283.61,4286.23,4283.47,4284.62,1128
2026.09.25 04:10,4284.63,4284.65,4282.52,4282.72,1036
2026.09.25 04:15,4282.73,4284.66,4282.51,4283.67,992
2026.09.25 04:20,4283.69,4284.55,4282.26,4282.52,885
2026.09.25 04:25,4282.5,4283.02,4278.13,4278.18,906
2026.09.25 04:30,4278.2,4278.37,4276.12,4276.53,956
2026.09.25 04:35,4276.45,4276.89,4273.46,4274.68,1039
2026.09.25 04:40,4274.65,4275.96,4273.56,4273.56,917
2026.09.25 04:45,4273.53,4274.34,4271.33,4271.75,1028
2026.09.25 04:50,4271.74,4273.07,4271.29,4271.76,994
2026.09.25 04:55,4271.75,4272.1,4269.56,4269.98,917
2026.09.25 05:00,4270.0,4271.27,4268.76,4271.08,1031
2026.09.25 05:05,4271.09,4271.92,4269.08,4270.68,969
2026.09.25 05:10,4270.72,4270.72,4268.2,4268.2,848
2026.09.25 05:15,4268.19,4269.77,4267.62,4268.52,814
2026.09.25 05:20,4268.53,4270.74,4268.15,4270.73,733
2026.09.25 05:25,4270.69,4271.84,4269.86,4271.27,831
2026.09.25 05:30,4271.23,4272.02,4270.4,4271.5,854
2026.09.25 05:35,4271.47,4272.29,4270.28,4270.73,894
2026.09.25 05:40,4270.68,4273.62,4270.67,4272.06,880
2026.09.25 05:45,4272.07,4273.41,4270.1,4270.11,760
2026.09.25 05:50,4270.03,4270.03,4267.11,4268.23,1008
2026.09.25 05:55,4268.18,4268.18,4262.73,4263.04,964
2026.09.25 06:00,4263.03,4264.08,4258.79,4260.0,1181
2026.09.25 06:05,4260.03,4262.8,4258.96,4259.93,1078
2026.09.25 06:10,4260.02,4260.69,4256.5,4257.09,1216
2026.09.25 06:15,4257.18,4261.06,4257.0,4260.57,1009
2026.09.25 06:20,4260.62,4261.8,4259.56,4259.69,866
2026.09.25 06:25,4259.68,4265.08,4259.68,4264.01,919
2026.09.25 06:30,4264.07,4272.94,4263.22,4269.14,1466
2026.09.25 06:35,4269.17,4275.15,4265.76,4273.18,1278
2026.09.25 06:40,4273.23,4275.53,4272.13,4274.66,1144
2026.09.25 06:45,4274.68,4275.85,4270.77,4270.95,1174
2026.09.25 06:50,4270.99,4272.29,4268.44,4268.44,883
2026.09.25 06:55,4268.45,4268.73,4265.74,4266.86,1203
2026.09.25 07:00,4266.81,4271.98,4266.34,4271.98,1335
2026.09.25 07:05,4272.05,4272.25,4267.47,4268.12,1130
2026.09.25 07:10,4268.11,4275.57,4268.11,4274.71,1180
2026.09.25 07:15,4274.69,4281.57,4274.31,4277.99,1435
2026.09.25 07:20,4278.03,4281.17,4275.51,4278.39,1373
2026.09.25 07:25,4278.4,4279.06,4274.25,4274.99,1407
2026.09.25 07:30,4275.27,4276.66,4274.62,4276.62,1041
2026.09.25 07:35,4276.55,4277.64,4274.54,4276.98,1149
2026.09.25 07:40,4277.05,4278.14,4276.15,4277.02,996
2026.09.25 07:45,4276.98,4277.85,4275.34,4276.83,1065
2026.09.25 07:50,4276.84,4276.96,4274.49,4276.34,1147
2026.09.25 07:55,4276.33,4277.95,4274.77,4275.8,1233
2026.09.25 08:00,4275.77,4280.29,4273.2,4273.85,1598
2026.09.25 08:05,4273.97,4278.99,4273.8,4276.98,1328
2026.09.25 08:10,4276.82,4277.71,4274.17,4275.17,1369
2026.09.25 08:15,4275.16,4277.29,4272.42,4272.62,1389
2026.09.25 08:20,4272.61,4275.69,4272.08,4274.13,1550
2026.09.25 08:25,4274.07,4275.44,4271.41,4273.79,1400
2026.09.25 08:30,4273.76,4278.09,4271.16,4275.62,1634
2026.09.25 08:35,4275.77,4279.99,4275.64,4276.41,1457
2026.09.25 08:40,4276.22,4277.61,4274.53,4276.68,1260
2026.09.25 08:45,4276.83,4280.7,4276.83,4278.96,1224
2026.09.25 08:50,4278.92,4280.28,4277.64,4278.13,1163
2026.09.25 08:55,4278.21,4281.9,4278.07,4279.71,1342
2026.09.25 09:00,4279.62,4281.61,4274.91,4275.44,1334
2026.09.25 09:05,4275.5,4279.03,4275.31,4278.26,1313
2026.09.25 09:10,4278.25,4282.4,4278.18,4281.78,1420
2026.09.25 09:15,4281.76,4284.44,4280.71,4281.19,1271
2026.09.25 09:20,4281.23,4281.91,4279.4,4281.45,1146
2026.09.25 09:25,4281.5,4284.76,4278.88,4284.24,1337
2026.09.25 09:30,4284.2,4289.37,4283.77,4287.65,1277
2026.09.25 09:35,4287.73,4289.24,4285.42,4287.01,1199
2026.09.25 09:40,4287.02,4292.52,4286.4,4292.21,1273
2026.09.25 09:45,4292.24,4297.35,4290.02,4291.3,1457
2026.09.25 09:50,4291.14,4293.63,4290.31,4292.42,1192
2026.09.25 09:55,4292.25,4294.76,4292.05,4293.39,1217
2026.09.25 10:00,4293.36,4297.73,4293.04,4295.37,1534
2026.09.25 10:05,4295.36,4297.9,4293.79,4297.16,1375
2026.09.25 10:10,4297.18,4297.32,4293.96,4293.96,1253
2026.09.25 10:15,4294.03,4295.24,4291.07,4293.2,1339
2026.09.25 10:20,4293.3,4296.88,4292.27,4296.16,1569
2026.09.25 10:25,4296.24,4296.32,4289.61,4290.54,1292
2026.09.25 10:30,4290.79,4297.57,4290.12,4296.58,1522
2026.09.25 10:35,4296.6,4297.04,4292.29,4293.77,1295
2026.09.25 10:40,4293.76,4295.28,4292.14,4294.6,1412
2026.09.25 10:45,4294.61,4294.85,4291.49,4292.6,1301
2026.09.25 10:50,4292.62,4293.88,4291.29,4292.91,1248
2026.09.25 10:55,4292.92,4295.16,4290.98,4295.15,1338
2026.09.25 11:00,4295.14,4296.35,4293.87,4295.2,1071
2026.09.25 11:05,4295.18,4303.36,4295.1,4301.57,1339
2026.09.25 11:10,4301.66,4308.1,4298.93,4307.25,1383
2026.09.25 11:15,4307.45,4307.49,4303.61,4305.09,1101
2026.09.25 11:20,4305.13,4308.87,4304.65,4306.24,1195
2026.09.25 11:25,4306.23,4309.57,4305.96,4308.3,1042
2026.09.25 11:30,4308.33,4308.74,4305.14,4305.66,980
2026.09.25 11:35,4305.65,4307.14,4303.15,4303.68,972
2026.09.25 11:40,4303.73,4306.01,4302.28,4305.38,973
2026.09.25 11:45,4305.46,4306.34,4303.88,4305.47,1037
2026.09.25 11:50,4305.48,4309.3,4304.54,4309.09,1139
2026.09.25 11:55,4309.39,4311.65,4308.92,4310.96,1041
2026.09.25 12:00,4311.01,4311.91,4309.5,4310.28,1360
2026.09.25 12:05,4310.26,4314.85,4310.11,4314.3,1389
2026.09.25 12:10,4314.22,4315.7,4311.23,4312.43,1534
2026.09.25 12:15,4312.41,4314.2,4310.3,4310.85,1310
2026.09.25 12:20,4310.87,4311.19,4308.59,4309.95,1249
2026.09.25 12:25,4309.92,4310.33,4304.57,4304.63,1284
2026.09.25 12:30,4304.65,4306.43,4303.41,4304.3,1295
2026.09.25 12:35,4304.19,4308.39,4299.99,4300.01,1496
2026.09.25 12:40,4300.03,4301.68,4299.81,4301.63,1385
2026.09.25 12:45,4301.64,4304.16,4300.18,4302.78,1249
2026.09.25 12:50,4302.62,4304.74,4302.49,4303.56,1160
2026.09.25 12:55,4303.55,4305.5,4302.85,4303.03,1143
2026.09.25 13:00,4303.05,4304.62,4302.09,4304.18,1529
2026.09.25 13:05,4304.14,4304.87,4301.45,4303.65,1508
2026.09.25 13:10,4303.6,4304.13,4297.85,4299.81,1625
2026.09.25 13:15,4299.83,4301.57,4297.51,4299.58,1433
2026.09.25 13:20,4299.56,4306.91,4297.49,4303.52,1792
2026.09.25 13:25,4303.53,4309.44,4303.0,4306.75,1323
2026.09.25 13:30,4306.78,4307.02,4299.5,4302.13,1646
2026.09.25 13:35,4302.15,4302.96,4298.57,4302.36,1463
2026.09.25 13:40,4302.4,4302.93,4297.21,4301.64,1790
2026.09.25 13:45,4301.63,4308.82,4299.39,4301.88,2134
2026.09.25 13:50,4301.9,4302.75,4296.77,4299.18,1632
2026.09.25 13:55,4299.17,4300.07,4297.39,4298.13,1551
2026.09.25 14:00,4298.12,4298.97,4291.67,4291.73,1878
2026.09.25 14:05,4291.75,4298.36,4291.75,4297.76,1802
2026.09.25 14:10,4297.82,4297.89,4292.42,4292.8,1741
2026.09.25 14:15,4292.57,4293.93,4288.96,4290.36,1718
2026.09.25 14:20,4290.34,4290.77,4285.49,4285.77,1824
2026.09.25 14:25,4285.85,4286.25,4277.92,4278.19,1926
2026.09.25 14:30,4278.18,4282.05,4273.5,4280.09,2322
2026.09.25 14:35,4280.08,4284.39,4278.38,4281.16,2104
2026.09.25 14:40,4281.17,4282.7,4276.86,4278.93,2087
2026.09.25 14:45,4278.86,4280.61,4274.16,4278.2,2067
2026.09.25 14:50,4278.15,4283.54,4277.53,4280.58,2042
2026.09.25 14:55,4280.55,4280.98,4275.33,4275.65,1733
2026.09.25 15:00,4275.73,4278.01,4257.74,4258.47,2307
2026.09.25 15:05,4258.28,4267.13,4254.54,4266.37,2510
2026.09.25 15:10,4266.38,4267.59,4263.7,4267.59,2327
2026.09.25 15:15,4267.72,4267.72,4259.85,4265.92,2315
2026.09.25 15:20,4265.93,4270.45,4265.37,4268.35,2030
2026.09.25 15:25,4268.42,4270.79,4265.97,4266.02,1969
2026.09.25 15:30,4266.13,4267.0,4262.62,4265.33,2088
2026.09.25 15:35,4265.23,4272.57,4263.64,4271.83,1909
2026.09.25 15:40,4271.84,4273.33,4268.62,4273.22,2030
2026.09.25 15:45,4273.21,4279.41,4269.76,4277.89,2148
2026.09.25 15:50,4277.85,4278.9,4273.33,4277.18,1867
2026.09.25 15:55,4277.16,4280.73,4276.31,4279.05,1942
2026.09.25 16:00,4279.17,4282.38,4278.31,4282.03,1982
2026.09.25 16:05,4282.02,4282.73,4275.61,4275.65,1686
2026.09.25 16:10,4275.73,4280.42,4274.2,4280.15,1857
2026.09.25 16:15,4280.25,4281.23,4274.61,4274.94,1810
2026.09.25 16:20,4274.93,4279.66,4272.75,4275.95,1989
2026.09.25 16:25,4275.89,4281.34,4275.44,4279.78,1839
2026.09.25 16:30,4279.82,4285.72,4279.24,4282.94,2099
2026.09.25 16:35,4282.86,4283.41,4276.41,4276.41,1697
2026.09.25 16:40,4276.4,4278.83,4274.72,4275.0,1494
2026.09.25 16:45,4275.12,4275.46,4271.61,4271.61,1636
2026.09.25 16:50,4271.62,4279.76,4270.04,4277.48,1658
2026.09.25 16:55,4277.42,4290.8,4276.24,4290.73,2344
2026.09.25 17:00,4290.85,4299.16,4289.45,4294.53,2681
2026.09.25 17:05,4294.67,4300.21,4291.2,4293.7,2545
2026.09.25 17:10,4293.77,4296.14,4287.05,4290.46,2217
2026.09.25 17:15,4290.33,4292.4,4287.61,4288.75,2039
2026.09.25 17:20,4288.85,4290.3,4284.85,4288.23,2168
2026.09.25 17:25,4288.32,4292.87,4287.66,4292.14,1863
2026.09.25 17:30,4292.22,4293.04,4279.42,4283.99,1922
2026.09.25 17:35,4283.98,4288.45,4283.22,4287.4,1952
2026.09.25 17:40,4287.43,4289.0,4284.52,4287.17,1596
2026.09.25 17:45,4287.19,4287.22,4281.71,4282.81,1399
2026.09.25 17:50,4282.79,4285.94,4282.35,4284.67,1550
2026.09.25 17:55,4284.77,4288.04,4284.5,4286.5,1333
2026.09.25 18:00,4286.46,4292.33,4285.47,4291.17,1755
2026.09.25 18:05,4291.16,4292.99,4289.83,4292.82,1571
2026.09.25 18:10,4292.71,4292.76,4291.01,4291.38,1313
2026.09.25 18:15,4291.37,4291.69,4289.05,4290.69,1402
2026.09.25 18:20,4290.73,4292.24,4289.59,4292.24,1353
2026.09.25 18:25,4292.25,4293.13,4285.12,4286.6,1440
2026.09.25 18:30,4286.52,4287.85,4284.23,4285.09,1250
2026.09.25 18:35,4285.06,4285.08,4279.58,4284.04,1452
2026.09.25 18:40,4284.05,4288.25,4283.58,4285.62,1564
2026.09.25 18:45,4285.63,4286.78,4282.08,4284.24,1378
2026.09.25 18:50,4284.23,4284.75,4283.19,4283.97,1271
2026.09.25 18:55,4284.01,4285.42,4282.42,4283.19,1064
2026.09.25 19:00,4283.42,4284.46,4282.79,4283.3,962
2026.09.25 19:05,4283.32,4285.8,4282.86,4285.52,1079
2026.09.25 19:10,4285.51,4285.73,4283.38,4284.84,966
2026.09.25 19:15,4284.87,4288.66,4284.27,4288.39,1073
2026.09.25 19:20,4288.25,4289.48,4286.26,4288.98,1051
2026.09.25 19:25,4288.97,4290.27,4284.17,4287.51,1720
2026.09.25 19:30,4287.36,4292.49,4287.14,4292.28,1596
2026.09.25 19:35,4292.3,4294.12,4287.56,4287.64,1580
2026.09.25 19:40,4287.65,4291.99,4287.62,4291.73,1325
2026.09.25 19:45,4291.77,4295.25,4290.78,4294.74,1356
2026.09.25 19:50,4294.79,4296.12,4293.96,4294.67,1155
2026.09.25 19:55,4294.66,4295.43,4293.39,4294.87,1126
2026.09.25 20:00,4294.91,4295.87,4289.57,4289.75,1379
2026.09.25 20:05,4289.74,4294.64,4288.61,4293.89,1357
2026.09.25 20:10,4293.85,4297.25,4292.56,4296.73,1244
2026.09.25 20:15,4296.79,4297.01,4292.66,4292.86,1102
2026.09.25 20:20,4292.79,4292.89,4289.46,4290.05,1177
2026.09.25 20:25,4289.97,4290.24,4287.9,4288.83,1202
2026.09.25 20:30,4288.84,4290.41,4287.85,4288.77,1226
2026.09.25 20:35,4288.73,4294.24,4288.71,4293.34,1219
2026.09.25 20:40,4293.31,4293.8,4292.06,4292.38,1164
2026.09.25 20:45,4292.47,4294.39,4292.32,4292.88,1113
2026.09.25 20:50,4292.86,4293.83,4290.35,4290.88,1310
2026.09.25 20:55,4290.89,4291.59,4289.47,4291.22,1453
2026.09.25 21:00,4291.19,4292.08,4291.05,4291.37,793
2026.09.25 21:05,4291.32,4291.75,4289.82,4291.52,562
2026.09.25 21:10,4291.53,4291.94,4290.43,4290.7,542
2026.09.25 21:15,4290.67,4290.99,4289.64,4289.99,418
2026.09.25 21:20,4290.03,4290.16,4288.11,4288.61,497
2026.09.25 21:25,4288.62,4288.78,4286.88,4287.43,537
2026.09.25 21:30,4287.4,4287.55,4286.21,4286.34,491
2026.09.25 21:35,4286.32,4286.8,4285.4,4285.81,552
2026.09.25 21:40,4285.84,4286.24,4284.87,4284.88,539
2026.09.25 21:45,4284.79,4286.62,4284.33,4285.28,597
2026.09.25 21:50,4285.36,4287.29,4284.88,4285.25,551
2026.09.25 21:55,4285.18,4286.78,4284.5,4285.55,505
2026.09.27 23:05,4272.22,4274.78,4271.31,4273.31,541
2026.09.27 23:10,4273.54,4274.84,4265.75,4265.9,715
2026.09.27 23:15,4265.9,4270.19,4265.61,4267.86,741
2026.09.27 23:20,4267.94,4268.69,4266.17,4268.3,434
2026.09.27 23:25,4268.36,4270.16,4267.8,4268.36,531
2026.09.27 23:30,4268.35,4268.78,4262.75,4263.1,920
2026.09.27 23:35,4263.09,4264.52,4262.07,4263.0,853
2026.09.27 23:40,4263.02,4263.27,4261.55,4261.55,476
2026.09.27 23:45,4261.52,4263.15,4259.12,4259.32,718
2026.09.27 23:50,4259.3,4260.51,4257.93,4258.82,634
2026.09.27 23:55,4258.8,4260.1,4258.33,4260.05,777
2026.09.28 00:00,4260.15,4265.18,4257.51,4264.65,1020
2026.09.28 00:05,4264.66,4266.22,4264.11,4264.81,769
2026.09.28 00:10,4264.84,4265.84,4263.8,4264.84,626
2026.09.28 00:15,4264.95,4265.41,4264.07,4264.5,581
2026.09.28 00:20,4264.48,4265.73,4264.05,4265.24,528
2026.09.28 00:25,4265.3,4265.47,4262.47,4263.39,501
2026.09.28 00:30,4263.35,4263.83,4260.35,4261.06,773
2026.09.28 00:35,4261.11,4261.84,4259.77,4260.31,679
2026.09.28 00:40,4260.21,4260.89,4259.04,4260.39,789
2026.09.28 00:45,4260.4,4261.96,4259.28,4261.93,1002
2026.09.28 00:50,4261.94,4265.1,4259.75,4260.69,1143
2026.09.28 00:55,4260.7,4262.43,4259.79,4260.55,982
2026.09.28 01:00,4260.41,4261.07,4254.41,4258.19,1788
2026.09.28 01:05,4258.24,4258.55,4253.43,4255.48,1485
2026.09.28 01:10,4255.41,4256.82,4253.59,4256.2,1370
2026.09.28 01:15,4256.26,4257.29,4253.19,4255.09,1395
2026.09.28 01:20,4255.1,4255.53,4252.46,4252.98,1105
2026.09.28 01:25,4252.9,4254.28,4249.94,4249.94,1133
2026.09.28 01:30,4249.79,4250.34,4224.83,4235.83,2066
2026.09.28 01:35,4235.84,4239.77,4233.84,4236.77,1903
2026.09.28 01:40,4236.72,4237.99,4231.87,4236.65,1715
2026.09.28 01:45,4237.05,4239.27,4232.2,4234.55,1794
2026.09.28 01:50,4234.65,4236.21,4230.28,4230.35,1798
2026.09.28 01:55,4230.36,4235.81,4227.29,4230.9,1929
2026.09.28 02:00,4230.91,4231.66,4218.98,4227.04,2558
2026.09.28 02:05,4227.05,4228.16,4219.07,4224.34,2392
2026.09.28 02:10,4224.38,4226.04,4214.28,4220.64,2120
2026.09.28 02:15,4220.76,4225.69,4217.88,4220.3,2132
2026.09.28 02:20,4220.35,4222.49,4216.28,4220.47,2075
2026.09.28 02:25,4220.52,4222.25,4216.04,4220.59,1902
2026.09.28 02:30,4220.58,4223.67,4216.8,4219.14,1994
2026.09.28 02:35,4219.11,4219.17,4209.88,4210.08,1941
2026.09.28 02:40,4210.12,4215.19,4208.24,4209.76,1772
2026.09.28 02:45,4209.71,4211.72,4205.94,4210.99,1793
2026.09.28 02:50,4210.52,4214.65,4210.14,4211.32,1588
2026.09.28 02:55,4211.31,4217.66,4211.22,4215.99,1596
2026.09.28 03:00,4215.97,4217.36,4211.17,4214.05,1676
2026.09.28 03:05,4214.16,4216.31,4210.64,4214.68,1708
2026.09.28 03:10,4214.75,4217.02,4213.02,4215.81,1458
2026.09.28 03:15,4215.85,4216.76,4214.21,4216.58,1254
2026.09.28 03:20,4216.61,4217.17,4214.25,4216.0,1208
2026.09.28 03:25,4216.06,4217.35,4214.65,4215.09,1118
2026.09.28 03:30,4215.01,4215.59,4209.02,4209.18,1967
2026.09.28 03:35,4209.07,4209.73,4205.42,4206.36,1696
2026.09.28 03:40,4206.37,4208.83,4205.24,4207.12,1595
2026.09.28 03:45,4207.05,4208.74,4203.48,4204.21,1544
2026.09.28 03:50,4204.09,4205.98,4200.43,4201.57,1590
2026.09.28 03:55,4201.55,4201.74,4194.27,4196.74,1689
2026.09.28 04:00,4196.75,4201.32,4194.98,4199.23,1573
2026.09.28 04:05,4199.24,4202.83,4198.55,4202.48,1387
2026.09.28 04:10,4202.47,4203.06,4200.22,4200.28,1253
2026.09.28 04:15,4200.33,4201.25,4198.55,4198.55,1318
2026.09.28 04:20,4198.54,4198.66,4194.26,4195.54,1186
2026.09.28 04:25,4195.41,4197.33,4194.35,4196.22,1053
2026.09.28 04:30,4195.9,4198.14,4191.49,4192.44,1338
2026.09.28 04:35,4192.45,4195.47,4191.83,4195.13,1191
2026.09.28 04:40,4195.18,4196.09,4192.43,4193.12,943
2026.09.28 04:45,4193.16,4196.21,4191.25,4195.93,1028
2026.09.28 04:50,4195.81,4199.59,4195.61,4199.14,1012
2026.09.28 04:55,4199.19,4199.2,4196.78,4196.78,831
2026.09.28 05:00,4196.76,4197.44,4195.15,4196.07,901
2026.09.28 05:05,4196.08,4198.31,4195.65,4198.27,880
2026.09.28 05:10,4198.33,4199.66,4197.11,4199.48,728
2026.09.28 05:15,4199.5,4199.61,4196.67,4197.08,859
2026.09.28 05:20,4197.23,4197.84,4195.99,4196.89,793
2026.09.28 05:25,4196.87,4199.82,4195.5,4199.67,843
2026.09.28 05:30,4199.68,4200.18,4196.3,4196.3,740
2026.09.28 05:35,4196.31,4198.11,4196.16,4196.16,676
2026.09.28 05:40,4196.17,4199.38,4196.17,4198.22,605
2026.09.28 05:45,4198.16,4198.71,4196.79,4197.29,642
2026.09.28 05:50,4197.28,4197.71,4195.39,4196.09,675
2026.09.28 05:55,4196.12,4196.86,4194.14,4194.69,632
2026.09.28 06:00,4194.68,4198.07,4194.54,4195.42,975
2026.09.28 06:05,4195.33,4195.39,4189.83,4192.44,1192
2026.09.28 06:10,4192.47,4192.79,4190.65,4192.55,1036
2026.09.28 06:15,4192.43,4194.55,4188.86,4189.52,1216
2026.09.28 06:20,4189.43,4190.65,4185.39,4187.21,1153
2026.09.28 06:25,4187.24,4192.02,4186.71,4190.53,1057
2026.09.28 06:30,4190.55,4190.55,4183.42,4183.91,1998
2026.09.28 06:35,4183.92,4186.85,4180.98,4181.39,1670
2026.09.28 06:40,4181.46,4184.2,4180.28,4183.47,1501
2026.09.28 06:45,4183.5,4184.05,4179.68,4180.69,1429
2026.09.28 06:50,4180.65,4182.84,4179.55,4182.84,1256
2026.09.28 06:55,4182.87,4184.7,4178.98,4179.37,1392
2026.09.28 07:00,4179.33,4179.33,4175.13,4176.1,1758
2026.09.28 07:05,4175.99,4181.45,4175.25,4179.18,1572
2026.09.28 07:10,4179.19,4181.23,4177.34,4178.83,1540
2026.09.28 07:15,4178.84,4179.77,4174.01,4174.45,1442
2026.09.28 07:20,4174.46,4177.63,4171.63,4173.45,1502
2026.09.28 07:25,4173.44,4174.02,4169.23,4169.92,1432
2026.09.28 07:30,4169.88,4175.53,4168.52,4175.09,1509
2026.09.28 07:35,4175.13,4177.24,4173.33,4176.81,1390
2026.09.28 07:40,4176.82,4177.4,4171.68,4171.82,1351
2026.09.28 07:45,4171.79,4176.72,4171.75,4175.89,1299
2026.09.28 07:50,4175.88,4175.97,4166.68,4167.47,1438
2026.09.28 07:55,4167.41,4167.73,4161.93,4164.2,1682
2026.09.28 08:00,4164.22,4165.98,4161.17,4165.6,1888
2026.09.28 08:05,4165.54,4166.32,4161.31,4165.26,1729
2026.09.28 08:10,4165.27,4166.26,4160.3,4161.1,1432
2026.09.28 08:15,4161.07,4164.39,4161.07,4162.83,1446
2026.09.28 08:20,4162.63,4162.79,4156.51,4159.82,1672
2026.09.28 08:25,4159.83,4161.44,4156.85,4158.23,1653
2026.09.28 08:30,4158.25,4159.94,4156.19,4158.53,1532
2026.09.28 08:35,4158.54,4158.64,4152.29,4154.36,1516
2026.09.28 08:40,4154.31,4158.31,4153.26,4153.92,1472
2026.09.28 08:45,4153.88,4156.92,4153.12,4155.74,1453
2026.09.28 08:50,4155.66,4157.13,4152.49,4156.87,1480
2026.09.28 08:55,4156.92,4160.49,4151.03,4155.5,1693
2026.09.28 09:00,4155.67,4158.77,4153.97,4158.37,1993
2026.09.28 09:05,4158.25,4159.11,4155.51,4156.75,1700
2026.09.28 09:10,4156.74,4157.54,4151.44,4156.84,1573
2026.09.28 09:15,4156.83,4156.91,4151.36,4151.8,1559
2026.09.28 09:20,4151.77,4152.53,4146.24,4148.58,1708
2026.09.28 09:25,4148.54,4153.54,4143.44,4144.99,1792
2026.09.28 09:30,4145.0,4148.57,4143.46,4148.57,1634
2026.09.28 09:35,4148.6,4149.84,4142.66,4144.67,1521
2026.09.28 09:40,4144.75,4151.21,4144.33,4149.28,1584
2026.09.28 09:45,4149.21,4152.88,4147.27,4149.45,1417
2026.09.28 09:50,4149.44,4150.61,4144.82,4146.85,1351
2026.09.28 09:55,4146.82,4147.39,4144.41,4144.45,1284
2026.09.28 10:00,4144.35,4146.75,4141.15,4141.22,1633
2026.09.28 10:05,4141.25,4147.65,4141.24,4141.28,1502
2026.09.28 10:10,4141.34,4146.08,4140.72,4144.52,1295
2026.09.28 10:15,4144.47,4147.35,4141.69,4145.09,1381
2026.09.28 10:20,4145.03,4148.89,4144.93,4147.59,1220
2026.09.28 10:25,4147.76,4147.83,4144.6,4146.52,1257
2026.09.28 10:30,4146.43,4146.86,4142.14,4142.67,1324
2026.09.28 10:35,4142.69,4147.9,4142.66,4145.2,1069
2026.09.28 10:40,4145.04,4151.14,4144.8,4149.89,1078
2026.09.28 10:45,4149.92,4154.6,4149.92,4154.19,1206
2026.09.28 10:50,4154.06,4157.6,4153.46,4157.43,1212
2026.09.28 10:55,4157.42,4157.42,4154.04,4155.91,1201
2026.09.28 11:00,4156.0,4159.02,4153.73,4158.86,1305
2026.09.28 11:05,4158.85,4159.01,4153.97,4157.05,1174
2026.09.28 11:10,4157.1,4157.68,4153.55,4155.38,1235
2026.09.28 11:15,4155.31,4157.32,4152.19,4152.48,1205
2026.09.28 11:20,4152.56,4155.47,4151.64,4154.39,1092
2026.09.28 11:25,4154.41,4158.69,4154.33,4158.44,1127
2026.09.28 11:30,4158.51,4158.89,4154.64,4156.8,1058
2026.09.28 11:35,4156.81,4158.39,4156.1,4157.97,1074
2026.09.28 11:40,4158.1,4159.42,4155.37,4155.9,1034
2026.09.28 11:45,4155.96,4156.78,4154.48,4156.26,954
2026.09.28 11:50,4156.25,4158.98,4155.9,4157.46,1151
2026.09.28 11:55,4157.45,4158.09,4155.34,4155.44,1040
2026.09.28 12:00,4155.41,4159.83,4149.15,4150.03,1658
2026.09.28 12:05,4150.04,4153.63,4150.01,4153.56,1054
2026.09.28 12:10,4153.63,4153.82,4148.54,4150.06,1233
2026.09.28 12:15,4149.96,4154.96,4148.34,4149.98,1668
2026.09.28 12:20,4149.96,4154.48,4148.23,4152.81,1398
2026.09.28 12:25,4152.83,4155.82,4152.68,4155.59,1118
2026.09.28 12:30,4155.52,4155.52,4151.44,4152.6,1155
2026.09.28 12:35,4152.61,4152.8,4148.37,4148.85,1016
2026.09.28 12:40,4148.84,4152.16,4148.69,4151.61,910
2026.09.28 12:45,4151.67,4154.63,4149.21,4150.07,1064
2026.09.28 12:50,4150.03,4151.23,4147.7,4148.64,1201
2026.09.28 12:55,4148.6,4152.62,4148.13,4148.75,1099
2026.09.28 13:00,4148.78,4157.19,4146.75,4156.28,1640
2026.09.28 13:05,4156.42,4167.34,4156.42,4164.78,2099
2026.09.28 13:10,4164.75,4166.12,4161.27,4165.65,1676
2026.09.28 13:15,4165.66,4167.9,4163.81,4167.42,1462
2026.09.28 13:20,4167.36,4171.15,4160.65,4160.65,1556
2026.09.28 13:25,4160.64,4162.63,4153.83,4154.21,1812
2026.09.28 13:30,4154.2,4154.51,4149.4,4153.09,1704
2026.09.28 13:35,4153.04,4153.31,4147.24,4147.85,1568
2026.09.28 13:40,4147.83,4147.83,4143.13,4145.09,1516
2026.09.28 13:45,4145.2,4150.12,4143.58,4146.78,1610
2026.09.28 13:50,4146.73,4151.72,4146.52,4151.41,1574
2026.09.28 13:55,4151.52,4155.83,4148.78,4154.34,1681
2026.09.28 14:00,4154.41,4154.72,4145.28,4149.61,1897
2026.09.28 14:05,4149.65,4150.64,4147.12,4148.8,1694
2026.09.28 14:10,4148.92,4149.94,4146.43,4147.39,1639
2026.09.28 14:15,4147.42,4149.96,4144.46,4147.3,1728
2026.09.28 14:20,4147.33,4148.69,4144.53,4146.63,1708
2026.09.28 14:25,4146.67,4149.54,4141.7,4142.2,1697
2026.09.28 14:30,4142.21,4146.19,4137.64,4137.64,2448
2026.09.28 14:35,4137.69,4150.18,4136.55,4146.58,2370
2026.09.28 14:40,4146.37,4151.4,4144.75,4150.98,2138
2026.09.28 14:45,4151.18,4160.01,4149.36,4158.19,2395
2026.09.28 14:50,4158.2,4160.47,4152.33,4157.24,2267
2026.09.28 14:55,4157.15,4160.42,4155.45,4157.09,2225
2026.09.28 15:00,4157.07,4157.1,4144.01,4144.56,2164
2026.09.28 15:05,4144.73,4145.64,4139.2,4140.19,1996
2026.09.28 15:10,4140.23,4142.44,4138.13,4138.78,2003
2026.09.28 15:15,4138.86,4141.17,4136.73,4138.99,1903
2026.09.28 15:20,4138.96,4144.13,4136.95,4143.57,1870
2026.09.28 15:25,4143.55,4144.25,4140.21,4142.6,1968
2026.09.28 15:30,4142.56,4142.59,4134.67,4136.92,2064
2026.09.28 15:35,4136.94,4137.98,4131.52,4131.88,2005
2026.09.28 15:40,4131.86,4131.91,4122.8,4123.3,2094
2026.09.28 15:45,4123.41,4123.77,4114.3,4115.72,2195
2026.09.28 15:50,4115.74,4123.27,4113.77,4116.12,2313
2026.09.28 15:55,4116.09,4119.26,4110.89,4118.33,2292
2026.09.28 16:00,4118.58,4122.83,4116.42,4122.56,2161
2026.09.28 16:05,4122.55,4123.95,4119.9,4122.19,2055
2026.09.28 16:10,4122.25,4122.55,4118.32,4120.04,1930
2026.09.28 16:15,4120.06,4126.8,4119.66,4124.9,1956
2026.09.28 16:20,4124.89,4125.31,4120.11,4122.48,1787
2026.09.28 16:25,4122.5,4127.92,4121.97,4125.18,1906
2026.09.28 16:30,4125.19,4125.72,4120.58,4122.17,1881
2026.09.28 16:35,4122.18,4125.18,4121.21,4122.43,1795
2026.09.28 16:40,4122.73,4122.79,4119.12,4119.87,1556
2026.09.28 16:45,4119.92,4120.2,4115.43,4119.33,1543
2026.09.28 16:50,4119.4,4122.39,4117.89,4120.18,1545
2026.09.28 16:55,4120.21,4124.37,4119.81,4124.14,1476
2026.09.28 17:00,4124.13,4124.73,4120.68,4122.79,1542
2026.09.28 17:05,4122.8,4124.33,4120.74,4122.07,1604
2026.09.28 17:10,4121.99,4122.33,4117.28,4117.36,1579
2026.09.28 17:15,4117.28,4128.8,4116.49,4127.74,2123
2026.09.28 17:20,4127.72,4135.53,4126.45,4134.64,2340
2026.09.28 17:25,4134.63,4148.07,4134.2,4143.15,2513
2026.09.28 17:30,4143.13,4145.35,4135.21,4135.74,2406
2026.09.28 17:35,4135.7,4140.15,4134.97,4135.74,1973
2026.09.28 17:40,4135.76,4137.15,4131.38,4131.87,1731
2026.09.28 17:45,4131.88,4135.16,4129.12,4129.42,1689
2026.09.28 17:50,4129.44,4132.84,4128.52,4132.05,1605
2026.09.28 17:55,4132.03,4132.06,4128.27,4129.68,1548
2026.09.28 18:00,4129.61,4129.61,4127.24,4127.66,1655
2026.09.28 18:05,4127.63,4129.37,4126.29,4127.34,1379
2026.09.28 18:10,4127.32,4146.75,4126.2,4141.86,2396
2026.09.28 18:15,4141.94,4141.95,4134.01,4134.13,2373
2026.09.28 18:20,4134.08,4137.0,4133.65,4136.33,2052
2026.09.28 18:25,4136.28,4138.03,4134.38,4135.38,1910
2026.09.28 18:30,4135.4,4139.34,4135.4,4136.67,1463
2026.09.28 18:35,4136.66,4138.36,4133.9,4133.91,1329
2026.09.28 18:40,4134.08,4138.93,4134.02,4137.34,1431
2026.09.28 18:45,4137.28,4138.81,4135.48,4138.77,1345
2026.09.28 18:50,4138.84,4140.1,4137.13,4138.2,1269
2026.09.28 18:55,4138.24,4138.81,4134.19,4134.44,1466
2026.09.28 19:00,4134.45,4137.16,4133.86,4136.72,1579
2026.09.28 19:05,4136.77,4137.94,4135.24,4136.27,1344
2026.09.28 19:10,4136.24,4138.51,4134.74,4135.82,1099
2026.09.28 19:15,4135.86,4135.88,4133.81,4133.98,1091
2026.09.28 19:20,4134.08,4137.43,4133.99,4135.01,1145
2026.09.28 19:25,4135.16,4136.01,4134.45,4135.05,1282
2026.09.28 19:30,4135.04,4135.82,4131.75,4132.2,1490
2026.09.28 19:35,4132.11,4135.25,4132.09,4134.34,1182
2026.09.28 19:40,4134.35,4139.21,4134.07,4138.72,1372
2026.09.28 19:45,4138.73,4139.67,4136.95,4139.27,1678
2026.09.28 19:50,4139.31,4141.76,4138.18,4140.25,1404
2026.09.28 19:55,4140.08,4140.68,4138.62,4139.17,1279
2026.09.28 20:00,4139.18,4139.49,4131.76,4135.12,1432
2026.09.28 20:05,4135.13,4135.29,4130.99,4131.98,1068
2026.09.28 20:10,4131.99,4133.37,4131.33,4132.66,1156
2026.09.28 20:15,4132.63,4135.01,4132.12,4134.85,1109
2026.09.28 20:20,4134.84,4136.49,4131.8,4132.43,1228
2026.09.28 20:25,4132.47,4134.81,4130.91,4133.69,1230
2026.09.28 20:30,4133.65,4135.16,4129.45,4131.04,1473
2026.09.28 20:35,4130.98,4134.51,4129.02,4129.08,1091
2026.09.28 20:40,4129.14,4131.24,4128.28,4129.35,1055
2026.09.28 20:45,4129.37,4129.37,4125.17,4125.79,1402
2026.09.28 20:50,4125.76,4126.94,4123.49,4123.73,1395
2026.09.28 20:55,4123.75,4124.82,4122.32,4123.15,1464
2026.09.28 21:00,4123.14,4123.6,4120.2,4121.66,1031
2026.09.28 21:05,4121.65,4122.18,4117.26,4118.11,869
2026.09.28 21:10,4118.13,4121.86,4117.98,4121.58,772
2026.09.28 21:15,4121.53,4122.89,4121.12,4122.46,535
2026.09.28 21:20,4122.42,4123.59,4120.76,4120.85,548
2026.09.28 21:25,4120.8,4120.8,4117.12,4117.75,632
2026.09.28 21:30,4117.78,4118.5,4115.62,4115.95,548
2026.09.28 21:35,4115.96,4117.01,4115.43,4116.44,462
2026.09.28 21:40,4116.48,4117.97,4113.63,4113.84,629
2026.09.28 21:45,4113.73,4114.58,4111.52,4112.57,728
2026.09.28 21:50,4112.63,4114.58,4111.48,4114.34,583
2026.09.28 21:55,4114.36,4115.04,4112.76,4114.2,432
2026.09.28 23:00,4117.74,4120.94,4117.11,4120.86,417
2026.09.28 23:05,4120.87,4123.1,4120.56,4122.75,526
2026.09.28 23:10,4122.78,4122.78,4119.93,4122.44,562
2026.09.28 23:15,4122.45,4123.74,4122.21,4123.04,471
2026.09.28 23:20,4123.09,4126.63,4123.09,4125.18,347
2026.09.28 23:25,4125.19,4126.47,4123.99,4125.39,483
2026.09.28 23:30,4125.37,4125.5,4121.32,4122.97,647
2026.09.28 23:35,4122.98,4123.95,4122.1,4122.15,454
2026.09.28 23:40,4122.2,4125.4,4122.16,4123.87,383
2026.09.28 23:45,4123.94,4125.19,4123.85,4124.19,366
2026.09.28 23:50,4124.14,4124.21,4120.36,4121.55,522
2026.09.28 23:55,4121.58,4121.96,4121.07,4121.5,345
2026.09.29 00:00,4121.67,4123.39,4121.36,4121.87,462
2026.09.29 00:05,4121.9,4123.42,4121.88,4122.74,260
2026.09.29 00:10,4122.77,4125.39,4122.4,4125.27,491
2026.09.29 00:15,4125.28,4125.8,4123.98,4125.02,430
2026.09.29 00:20,4125.06,4126.52,4124.27,4126.44,435
2026.09.29 00:25,4126.43,4128.97,4126.42,4128.34,452
2026.09.29 00:30,4128.32,4128.99,4127.16,4127.17,462
2026.09.29 00:35,4127.27,4128.06,4125.69,4127.99,433
2026.09.29 00:40,4128.06,4128.12,4125.81,4126.36,470
2026.09.29 00:45,4126.62,4126.68,4122.18,4123.57,771
2026.09.29 00:50,4123.63,4125.26,4123.04,4124.77,641
2026.09.29 00:55,4124.99,4127.6,4123.96,4127.41,660
2026.09.29 01:00,4127.37,4127.89,4123.43,4124.13,1496
2026.09.29 01:05,4124.19,4126.25,4122.61,4122.63,1350
2026.09.29 01:10,4122.56,4123.52,4120.25,4122.62,1436
2026.09.29 01:15,4122.57,4122.82,4114.41,4117.73,1664
2026.09.29 01:20,4117.67,4119.63,4114.83,4117.49,1434
2026.09.29 01:25,4117.36,4122.53,4115.4,4121.18,1444
2026.09.29 01:30,4121.0,4126.33,4119.41,4125.41,1620
2026.09.29 01:35,4125.4,4126.55,4122.51,4122.52,1271
2026.09.29 01:40,4122.45,4124.01,4119.92,4120.44,1110
2026.09.29 01:45,4120.43,4120.52,4114.77,4117.88,1534
2026.09.29 01:50,4117.89,4120.39,4114.45,4117.17,1417
2026.09.29 01:55,4117.19,4122.07,4116.55,4117.84,1551
2026.09.29 02:00,4117.76,4124.51,4113.34,4118.45,2346
2026.09.29 02:05,4118.44,4123.41,4114.45,4120.71,1956
2026.09.29 02:10,4120.74,4125.24,4117.72,4124.54,1991
2026.09.29 02:15,4124.53,4127.89,4116.78,4124.23,2076
2026.09.29 02:20,4124.28,4130.96,4124.16,4130.44,1994
2026.09.29 02:25,4130.46,4131.9,4126.89,4130.01,1950
2026.09.29 02:30,4129.94,4131.53,4126.93,4130.88,1967
2026.09.29 02:35,4130.86,4131.08,4125.0,4125.44,1712
2026.09.29 02:40,4125.46,4134.04,4124.53,4134.04,1653
2026.09.29 02:45,4134.06,4137.0,4132.89,4135.22,1479
2026.09.29 02:50,4135.13,4136.24,4130.29,4135.58,1403
2026.09.29 02:55,4135.59,4136.1,4133.97,4135.36,1135
2026.09.29 03:00,4135.37,4136.26,4130.04,4131.03,1518
2026.09.29 03:05,4131.07,4131.88,4126.49,4127.14,1380
2026.09.29 03:10,4127.13,4132.92,4127.13,4131.9,1295
2026.09.29 03:15,4132.01,4135.07,4130.97,4134.89,1014
2026.09.29 03:20,4134.92,4136.11,4130.85,4133.58,1296
2026.09.29 03:25,4133.56,4135.15,4132.07,4134.85,1092
2026.09.29 03:30,4134.87,4137.74,4134.85,4136.99,1378
2026.09.29 03:35,4137.06,4137.33,4133.13,4136.12,1174
2026.09.29 03:40,4136.18,4138.02,4132.93,4136.43,1170
2026.09.29 03:45,4136.44,4138.62,4135.62,4138.1,1186
2026.09.29 03:50,4138.13,4138.62,4136.09,4137.19,1105
2026.09.29 03:55,4137.17,4139.32,4135.95,4137.69,1075
2026.09.29 04:00,4137.6,4139.38,4134.98,4134.98,1091
2026.09.29 04:05,4135.02,4138.87,4134.36,4135.98,1184
2026.09.29 04:10,4135.93,4136.29,4133.88,4134.98,1104
2026.09.29 04:15,4135.0,4136.38,4133.84,4134.64,990
2026.09.29 04:20,4134.67,4137.54,4134.39,4137.54,1018
2026.09.29 04:25,4137.31,4139.89,4136.01,4139.36,1029
2026.09.29 04:30,4139.38,4140.16,4137.78,4138.6,878
2026.09.29 04:35,4138.61,4139.92,4136.38,4139.64,827
2026.09.29 04:40,4139.76,4140.39,4136.66,4136.72,795
2026.09.29 04:45,4136.74,4137.39,4134.23,4137.01,754
2026.09.29 04:50,4137.06,4137.11,4134.27,4135.38,823
2026.09.29 04:55,4135.37,4135.94,4131.74,4133.98,966
2026.09.29 05:00,4133.88,4134.2,4131.28,4132.13,772
2026.09.29 05:05,4132.12,4132.21,4130.4,4132.19,695
2026.09.29 05:10,4132.2,4132.28,4129.82,4131.26,690
2026.09.29 05:15,4131.27,4132.02,4129.85,4130.82,660
2026.09.29 05:20,4130.83,4131.11,4129.2,4129.79,620
2026.09.29 05:25,4129.77,4130.2,4128.58,4129.73,650
2026.09.29 05:30,4129.64,4131.83,4126.3,4126.3,1214
2026.09.29 05:35,4126.44,4126.94,4124.72,4126.09,856
2026.09.29 05:40,4126.17,4127.71,4125.09,4127.02,847
2026.09.29 05:45,4127.01,4127.56,4125.86,4126.63,653
2026.09.29 05:50,4126.62,4128.72,4126.21,4127.92,710
2026.09.29 05:55,4127.89,4127.89,4126.09,4126.72,699
2026.09.29 06:00,4126.71,4129.13,4125.98,4128.76,926
2026.09.29 06:05,4128.75,4130.5,4125.84,4130.04,919
2026.09.29 06:10,4130.03,4130.06,4126.84,4128.61,847
2026.09.29 06:15,4128.67,4131.7,4127.07,4130.64,796
2026.09.29 06:20,4130.65,4133.13,4129.35,4132.01,828
2026.09.29 06:25,4132.02,4132.69,4128.62,4130.43,928
2026.09.29 06:30,4130.4,4130.4,4122.07,4124.3,1683
2026.09.29 06:35,4124.31,4135.66,4123.2,4135.43,1680
2026.09.29 06:40,4135.39,4140.58,4132.9,4138.48,1598
2026.09.29 06:45,4138.36,4139.08,4134.19,4136.53,1388
2026.09.29 06:50,4136.57,4145.12,4136.29,4142.36,1497
2026.09.29 06:55,4142.4,4143.53,4136.82,4139.0,1317
2026.09.29 07:00,4138.85,4143.55,4138.74,4142.51,1667
2026.09.29 07:05,4142.47,4145.69,4141.2,4144.05,1375
2026.09.29 07:10,4144.07,4148.23,4143.4,4146.89,1187
2026.09.29 07:15,4146.93,4148.03,4140.47,4141.97,1266
2026.09.29 07:20,4142.06,4146.35,4141.59,4144.01,1321
2026.09.29 07:25,4143.81,4144.62,4141.83,4143.38,1184
2026.09.29 07:30,4143.37,4145.62,4142.6,4143.89,1226
2026.09.29 07:35,4143.86,4144.48,4142.25,4143.42,1021
2026.09.29 07:40,4143.46,4145.37,4141.75,4143.84,918
2026.09.29 07:45,4143.64,4143.65,4141.69,4142.19,879
2026.09.29 07:50,4142.24,4142.5,4139.88,4141.64,898
2026.09.29 07:55,4141.51,4141.81,4139.03,4140.34,891
2026.09.29 08:00,4140.42,4140.91,4135.97,4140.56,1449
2026.09.29 08:05,4140.59,4145.27,4140.59,4144.23,1184
2026.09.29 08:10,4144.27,4144.71,4141.88,4143.98,1354
2026.09.29 08:15,4143.94,4145.86,4142.62,4145.52,1136
2026.09.29 08:20,4145.51,4147.26,4144.46,4146.83,1202
2026.09.29 08:25,4146.94,4148.9,4146.49,4146.57,1173
2026.09.29 08:30,4146.5,4146.78,4140.89,4143.69,1462
2026.09.29 08:35,4143.71,4148.63,4143.09,4145.25,1447
2026.09.29 08:40,4145.2,4146.23,4141.66,4142.4,1394
2026.09.29 08:45,4142.43,4143.27,4141.69,4142.07,1123
2026.09.29 08:50,4142.11,4143.35,4140.65,4140.66,1089
2026.09.29 08:55,4140.67,4141.43,4139.43,4141.08,1020
2026.09.29 09:00,4141.12,4143.81,4140.46,4140.83,1227
2026.09.29 09:05,4140.86,4141.02,4137.71,4139.31,1170
2026.09.29 09:10,4139.32,4141.58,4137.99,4140.7,1092
2026.09.29 09:15,4140.72,4144.49,4140.7,4144.18,1156
2026.09.29 09:20,4144.17,4146.58,4141.05,4141.91,1368
2026.09.29 09:25,4141.93,4142.81,4139.96,4141.99,1323
2026.09.29 09:30,4142.01,4142.48,4137.92,4138.08,1248
2026.09.29 09:35,4138.07,4141.29,4138.01,4140.41,989
2026.09.29 09:40,4140.42,4140.47,4138.64,4140.08,935
2026.09.29 09:45,4140.06,4142.03,4138.86,4141.16,943
2026.09.29 09:50,4141.17,4141.7,4139.69,4140.08,1059
2026.09.29 09:55,4139.94,4141.25,4137.73,4139.5,999
2026.09.29 10:00,4139.58,4144.13,4139.08,4144.13,1269
2026.09.29 10:05,4144.14,4144.98,4140.62,4141.84,1066
2026.09.29 10:10,4141.83,4143.01,4139.85,4140.3,1233
2026.09.29 10:15,4140.43,4143.23,4139.83,4143.22,1095
2026.09.29 10:20,4143.15,4143.76,4140.78,4141.07,959
2026.09.29 10:25,4141.15,4142.11,4140.21,4140.33,979
2026.09.29 10:30,4140.39,4142.23,4139.27,4140.71,1252
2026.09.29 10:35,4140.77,4142.15,4140.06,4141.3,998
2026.09.29 10:40,4141.27,4146.14,4140.97,4145.51,1242
2026.09.29 10:45,4145.49,4148.58,4144.82,4145.39,1299
2026.09.29 10:50,4145.38,4147.74,4142.01,4146.08,1285
2026.09.29 10:55,4146.25,4147.99,4144.11,4145.67,1350
2026.09.29 11:00,4145.64,4146.29,4143.07,4145.96,1304
2026.09.29 11:05,4145.95,4150.76,4145.83,4149.98,1151
2026.09.29 11:10,4149.91,4150.55,4148.74,4149.0,964
2026.09.29 11:15,4149.08,4149.64,4147.79,4148.58,1156
2026.09.29 11:20,4148.53,4149.05,4146.98,4148.33,910
2026.09.29 11:25,4148.29,4150.11,4147.61,4149.92,941
2026.09.29 11:30,4149.91,4151.08,4147.62,4147.83,1158
2026.09.29 11:35,4147.79,4149.68,4147.39,4149.52,955
2026.09.29 11:40,4149.5,4150.97,4148.07,4150.93,808
2026.09.29 11:45,4151.0,4152.5,4149.85,4152.4,1036
2026.09.29 11:50,4152.41,4152.64,4151.12,4151.36,1047
2026.09.29 11:55,4151.33,4154.75,4150.67,4153.59,1064
2026.09.29 12:00,4153.6,4156.48,4152.6,4154.15,1327
2026.09.29 12:05,4154.22,4156.48,4153.75,4155.75,1218
2026.09.29 12:10,4155.82,4156.85,4154.17,4156.85,1143
2026.09.29 12:15,4156.87,4157.85,4156.33,4156.88,1106
2026.09.29 12:20,4156.82,4160.74,4156.38,4160.54,943
2026.09.29 12:25,4160.48,4161.28,4158.87,4159.63,1038
2026.09.29 12:30,4159.62,4159.75,4157.21,4158.72,1129
2026.09.29 12:35,4158.7,4159.4,4156.17,4156.57,903
2026.09.29 12:40,4156.56,4157.39,4151.08,4151.83,1199
2026.09.29 12:45,4151.81,4158.55,4149.86,4157.88,1333
2026.09.29 12:50,4157.78,4160.74,4153.87,4154.89,1861
2026.09.29 12:55,4154.86,4156.09,4153.0,4153.54,1207
2026.09.29 13:00,4153.49,4158.72,4153.01,4157.8,1476
2026.09.29 13:05,4157.7,4157.75,4153.71,4153.85,1343
2026.09.29 13:10,4153.94,4154.9,4150.83,4152.7,1200
2026.09.29 13:15,4152.74,4156.89,4151.51,4152.52,1428
2026.09.29 13:20,4152.48,4153.58,4148.64,4150.2,1419
2026.09.29 13:25,4150.27,4155.03,4150.18,4154.95,1465
2026.09.29 13:30,4154.94,4158.82,4154.02,4156.5,1488
2026.09.29 13:35,4156.54,4156.9,4151.94,4152.14,1361
2026.09.29 13:40,4152.17,4157.91,4151.19,4156.78,1427
2026.09.29 13:45,4156.77,4156.88,4151.86,4154.42,1380
2026.09.29 13:50,4154.48,4156.07,4150.87,4151.8,1373
2026.09.29 13:55,4151.89,4153.09,4149.54,4151.09,1258
2026.09.29 14:00,4151.17,4154.97,4150.65,4154.49,1912
2026.09.29 14:05,4154.51,4159.45,4153.27,4158.24,1636
2026.09.29 14:10,4158.27,4159.26,4155.53,4159.16,1460
2026.09.29 14:15,4159.21,4159.89,4156.29,4158.57,1554
2026.09.29 14:20,4158.59,4159.74,4156.56,4158.79,1592
2026.09.29 14:25,4158.81,4159.13,4154.68,4155.12,1473
2026.09.29 14:30,4155.19,4160.37,4152.75,4153.88,2101
2026.09.29 14:35,4153.87,4161.98,4153.83,4159.6,2098
2026.09.29 14:40,4159.62,4163.2,4153.75,4155.39,2050
2026.09.29 14:45,4155.29,4162.82,4153.63,4158.62,2124
2026.09.29 14:50,4158.61,4164.37,4158.36,4161.99,1941
2026.09.29 14:55,4161.98,4162.26,4157.12,4157.67,1395
2026.09.29 15:00,4157.69,4165.63,4157.5,4165.18,2186
2026.09.29 15:05,4165.13,4169.23,4164.65,4167.88,2010
2026.09.29 15:10,4167.83,4167.88,4164.94,4166.35,1827
2026.09.29 15:15,4166.31,4172.06,4165.41,4170.35,1963
2026.09.29 15:20,4170.36,4175.06,4167.92,4174.53,2031
2026.09.29 15:25,4174.51,4174.94,4171.78,4172.63,1596
2026.09.29 15:30,4172.74,4174.67,4167.83,4168.15,1765
2026.09.29 15:35,4168.16,4169.09,4162.85,4164.92,1769
2026.09.29 15:40,4164.96,4170.7,4164.91,4167.4,1912
2026.09.29 15:45,4167.42,4167.84,4162.68,4164.29,1776
2026.09.29 15:50,4164.31,4169.15,4163.96,4167.91,1747
2026.09.29 15:55,4167.88,4172.4,4166.22,4170.48,1754
2026.09.29 16:00,4170.51,4170.58,4166.81,4168.26,1840
2026.09.29 16:05,4168.24,4168.41,4163.01,4163.61,1655
2026.09.29 16:10,4163.62,4165.44,4160.84,4162.16,1735
2026.09.29 16:15,4162.18,4162.92,4159.52,4159.88,1700
2026.09.29 16:20,4159.89,4160.45,4153.91,4156.75,1655
2026.09.29 16:25,4156.72,4157.2,4148.28,4152.63,1852
2026.09.29 16:30,4152.64,4158.17,4150.92,4157.49,1884
2026.09.29 16:35,4157.51,4159.19,4155.88,4157.45,1623
2026.09.29 16:40,4157.54,4157.96,4153.88,4155.56,1501
2026.09.29 16:45,4155.75,4161.9,4154.94,4159.22,2068
2026.09.29 16:50,4159.25,4159.69,4153.72,4155.62,1793
2026.09.29 16:55,4155.6,4158.91,4154.63,4158.23,1621
2026.09.29 17:00,4158.18,4158.87,4152.81,4153.18,1590
2026.09.29 17:05,4153.15,4153.31,4150.76,4152.17,1423
2026.09.29 17:10,4152.18,4153.92,4150.44,4150.47,1402
2026.09.29 17:15,4150.49,4152.62,4149.72,4150.86,1389
2026.09.29 17:20,4150.91,4152.64,4149.53,4151.88,1354
2026.09.29 17:25,4151.86,4154.58,4151.84,4153.55,1196
2026.09.29 17:30,4153.51,4154.02,4152.35,4153.53,1267
2026.09.29 17:35,4153.56,4155.04,4151.47,4152.75,1154
2026.09.29 17:40,4152.78,4152.96,4147.56,4147.56,1317
2026.09.29 17:45,4147.58,4148.71,4144.73,4148.48,1710
2026.09.29 17:50,4148.51,4150.72,4146.92,4147.43,1375
2026.09.29 17:55,4147.45,4147.49,4144.46,4145.64,1269
2026.09.29 18:00,4145.63,4147.55,4144.44,4147.32,1390
2026.09.29 18:05,4147.25,4147.88,4144.31,4145.46,1202
2026.09.29 18:10,4145.45,4148.07,4145.43,4147.31,1068
2026.09.29 18:15,4147.24,4148.74,4146.16,4147.66,1192
2026.09.29 18:20,4147.78,4148.62,4145.86,4147.81,1345
2026.09.29 18:25,4147.78,4148.46,4146.23,4148.22,1218
2026.09.29 18:30,4148.32,4148.94,4146.59,4147.73,1153
2026.09.29 18:35,4147.7,4147.9,4144.9,4145.37,1034
2026.09.29 18:40,4145.36,4145.73,4143.75,4145.06,1134
2026.09.29 18:45,4145.14,4147.64,4143.4,4144.88,1218
2026.09.29 18:50,4144.92,4146.42,4142.62,4142.93,1067
2026.09.29 18:55,4142.92,4144.22,4142.33,4144.04,1016
2026.09.29 19:00,4144.05,4163.75,4144.05,4163.12,2508
2026.09.29 19:05,4163.1,4164.55,4156.04,4157.56,2116
2026.09.29 19:10,4157.69,4167.8,4157.63,4166.27,1926
2026.09.29 19:15,4166.32,4170.08,4165.8,4166.1,1761
2026.09.29 19:20,4166.09,4168.65,4162.79,4162.89,1662
2026.09.29 19:25,4162.97,4168.96,4162.53,4166.02,1786
2026.09.29 19:30,4165.99,4170.12,4160.2,4164.47,1698
2026.09.29 19:35,4164.46,4175.22,4163.89,4174.59,1859
2026.09.29 19:40,4174.63,4175.68,4169.38,4170.41,1710
2026.09.29 19:45,4170.29,4170.49,4165.05,4165.97,1375
2026.09.29 19:50,4166.08,4171.45,4164.63,4168.8,1418
2026.09.29 19:55,4168.82,4172.49,4167.83,4170.87,1470
2026.09.29 20:00,4170.88,4173.61,4169.96,4172.39,1292
2026.09.29 20:05,4172.44,4172.82,4169.86,4170.5,1152
2026.09.29 20:10,4170.46,4170.58,4167.84,4168.59,1086
2026.09.29 20:15,4168.6,4170.64,4167.77,4170.33,1250
2026.09.29 20:20,4170.35,4171.66,4169.29,4169.56,1143
2026.09.29 20:25,4169.58,4171.65,4168.5,4171.45,987
2026.09.29 20:30,4171.41,4171.64,4169.56,4170.94,1051
2026.09.29 20:35,4170.9,4173.93,4170.67,4172.52,1125
2026.09.29 20:40,4172.51,4172.72,4170.29,4172.47,1174
2026.09.29 20:45,4172.5,4172.56,4170.2,4170.68,1116
2026.09.29 20:50,4170.79,4175.06,4169.82,4174.21,1332
2026.09.29 20:55,4174.22,4177.48,4172.89,4177.37,1441
2026.09.29 21:00,4177.2,4177.48,4173.6,4174.56,1021
2026.09.29 21:05,4174.57,4176.11,4173.85,4175.76,612
2026.09.29 21:10,4175.75,4175.78,4172.16,4172.16,769
2026.09.29 21:15,4172.24,4174.01,4171.57,4173.48,519
2026.09.29 21:20,4173.47,4175.49,4173.16,4174.01,567
2026.09.29 21:25,4174.03,4176.57,4173.94,4175.89,652
2026.09.29 21:30,4175.9,4179.0,4175.11,4177.91,659
2026.09.29 21:35,4178.1,4181.67,4177.63,4181.12,715
2026.09.29 21:40,4181.08,4184.87,4180.99,4184.87,739
2026.09.29 21:45,4184.76,4185.25,4181.95,4181.99,719
2026.09.29 21:50,4182.02,4182.14,4179.25,4180.29,533
2026.09.29 21:55,4180.25,4181.46,4180.11,4181.44,445
2026.09.29 23:00,4182.9,4183.58,4182.34,4183.4,249
2026.09.29 23:05,4183.39,4183.39,4179.97,4182.46,591
2026.09.29 23:10,4182.47,4183.07,4181.29,4181.43,516
2026.09.29 23:15,4181.44,4181.91,4180.73,4181.57,549
2026.09.29 23:20,4181.61,4182.49,4181.43,4182.15,316
2026.09.29 23:25,4182.16,4182.22,4179.77,4180.02,396
2026.09.29 23:30,4180.05,4180.26,4178.75,4178.75,580
2026.09.29 23:35,4178.85,4179.01,4176.78,4178.19,543
2026.09.29 23:40,4178.22,4178.64,4177.66,4177.67,375
2026.09.29 23:45,4177.68,4178.59,4177.5,4178.28,314
2026.09.29 23:50,4178.36,4179.27,4177.6,4179.12,329
2026.09.29 23:55,4179.13,4180.18,4178.77,4178.88,294
2026.09.30 00:00,4179.14,4180.8,4178.99,4179.66,419
2026.09.30 00:05,4179.68,4181.27,4179.67,4181.08,261
2026.09.30 00:10,4181.06,4182.38,4180.44,4182.38,276
2026.09.30 00:15,4182.34,4183.71,4182.21,4182.68,417
2026.09.30 00:20,4182.69,4182.82,4179.94,4180.96,477
2026.09.30 00:25,4180.95,4181.83,4180.47,4180.83,246
2026.09.30 00:30,4180.84,4180.84,4178.76,4179.65,383
2026.09.30 00:35,4179.64,4180.03,4179.17,4179.54,395
2026.09.30 00:40,4179.59,4180.63,4179.11,4180.14,490
2026.09.30 00:45,4180.1,4185.4,4179.99,4184.86,849
2026.09.30 00:50,4184.82,4187.4,4183.88,4186.94,496
2026.09.30 00:55,4186.91,4187.57,4184.59,4184.87,850
2026.09.30 01:00,4184.85,4187.37,4182.71,4183.68,1236
2026.09.30 01:05,4183.71,4185.33,4183.02,4184.89,1090
2026.09.30 01:10,4184.93,4185.89,4183.64,4184.14,1040
2026.09.30 01:15,4184.16,4185.25,4181.53,4182.58,1076
2026.09.30 01:20,4182.56,4184.32,4181.39,4181.84,908
2026.09.30 01:25,4181.89,4183.3,4181.47,4182.43,1050
2026.09.30 01:30,4182.42,4184.4,4180.65,4182.94,1086
2026.09.30 01:35,4182.96,4184.14,4178.68,4179.4,993
2026.09.30 01:40,4179.48,4181.69,4178.28,4178.94,871
2026.09.30 01:45,4178.93,4179.71,4177.29,4177.62,1075
2026.09.30 01:50,4177.65,4179.85,4176.93,4178.01,877
2026.09.30 01:55,4177.98,4180.21,4176.63,4176.63,1006
2026.09.30 02:00,4176.62,4181.66,4175.37,4179.08,1853
2026.09.30 02:05,4179.16,4179.44,4174.4,4175.14,1354
2026.09.30 02:10,4175.04,4175.76,4172.21,4172.69,1348
2026.09.30 02:15,4172.68,4174.65,4171.02,4172.04,1453
2026.09.30 02:20,4171.75,4172.63,4169.12,4170.36,1301
2026.09.30 02:25,4170.29,4170.64,4167.79,4167.79,1250
2026.09.30 02:30,4167.75,4173.66,4167.37,4169.57,1707
2026.09.30 02:35,4169.61,4171.84,4168.08,4168.9,1344
2026.09.30 02:40,4168.95,4170.41,4167.75,4169.5,1148
2026.09.30 02:45,4169.36,4171.86,4168.07,4171.01,1190
2026.09.30 02:50,4170.95,4172.47,4170.15,4172.24,1140
2026.09.30 02:55,4172.25,4173.42,4171.09,4172.32,1051
2026.09.30 03:00,4172.29,4174.66,4172.21,4173.57,1368
2026.09.30 03:05,4173.59,4177.99,4173.12,4176.93,1174
2026.09.30 03:10,4176.88,4178.42,4175.52,4176.67,1403
2026.09.30 03:15,4176.68,4179.42,4176.61,4177.44,1065
2026.09.30 03:20,4177.48,4180.47,4177.03,4177.85,931
2026.09.30 03:25,4177.86,4178.75,4175.59,4175.78,855
2026.09.30 03:30,4175.79,4176.49,4171.31,4173.17,1499
2026.09.30 03:35,4173.27,4178.78,4173.02,4177.54,1222
2026.09.30 03:40,4177.51,4178.7,4175.52,4178.67,1143
2026.09.30 03:45,4178.66,4183.96,4178.6,4182.6,1277
2026.09.30 03:50,4182.66,4184.42,4180.66,4181.09,1032
2026.09.30 03:55,4180.96,4182.85,4178.19,4179.41,1092
2026.09.30 04:00,4179.39,4182.37,4179.31,4182.06,1084
2026.09.30 04:05,4182.04,4182.04,4179.49,4180.32,936
2026.09.30 04:10,4180.31,4180.62,4177.78,4178.43,1082
2026.09.30 04:15,4178.44,4180.07,4177.27,4179.79,951
2026.09.30 04:20,4179.8,4180.45,4178.02,4179.46,906
2026.09.30 04:25,4179.48,4180.89,4178.44,4180.89,1064
2026.09.30 04:30,4180.86,4180.92,4174.93,4175.54,1088
2026.09.30 04:35,4175.51,4177.65,4174.07,4177.24,944
2026.09.30 04:40,4177.26,4177.4,4174.51,4175.4,834
2026.09.30 04:45,4175.37,4175.77,4173.17,4173.44,892
2026.09.30 04:50,4173.48,4173.93,4171.29,4173.57,907
2026.09.30 04:55,4173.58,4175.04,4172.48,4172.65,823
2026.09.30 05:00,4172.67,4176.17,4172.48,4175.65,905
2026.09.30 05:05,4175.66,4176.08,4172.34,4172.94,781
2026.09.30 05:10,4173.01,4173.94,4172.15,4173.74,733
2026.09.30 05:15,4173.77,4177.99,4173.59,4176.9,777
2026.09.30 05:20,4176.89,4177.7,4176.38,4177.45,603
2026.09.30 05:25,4177.46,4179.19,4177.11,4177.9,732
2026.09.30 05:30,4177.8,4178.89,4177.28,4178.61,838
2026.09.30 05:35,4178.6,4183.19,4178.58,4182.87,829
2026.09.30 05:40,4182.88,4184.99,4181.01,4181.08,842
2026.09.30 05:45,4181.09,4181.68,4178.28,4178.58,858
2026.09.30 05:50,4178.53,4179.34,4177.53,4178.74,816
2026.09.30 05:55,4178.76,4179.18,4177.91,4178.99,841
2026.09.30 06:00,4179.0,4182.37,4178.66,4180.14,892
2026.09.30 06:05,4180.13,4180.64,4176.3,4176.36,898
2026.09.30 06:10,4176.39,4177.73,4172.64,4172.64,950
2026.09.30 06:15,4172.6,4172.6,4165.73,4169.55,1259
2026.09.30 06:20,4169.53,4171.34,4168.51,4171.04,983
2026.09.30 06:25,4171.05,4175.1,4170.02,4174.85,861
2026.09.30 06:30,4174.82,4179.99,4172.82,4177.73,1506
2026.09.30 06:35,4177.75,4180.08,4174.83,4175.84,1270
2026.09.30 06:40,4175.85,4177.8,4173.7,4175.65,1156
2026.09.30 06:45,4175.58,4177.13,4174.71,4176.15,1124
2026.09.30 06:50,4176.14,4176.15,4174.26,4175.69,1032
2026.09.30 06:55,4175.6,4181.35,4173.8,4178.02,1398
2026.09.30 07:00,4178.09,4181.57,4176.16,4181.57,1750
2026.09.30 07:05,4181.65,4182.09,4179.78,4181.33,1472
2026.09.30 07:10,4181.46,4184.41,4181.46,4183.18,1343
2026.09.30 07:15,4183.2,4184.85,4179.45,4179.49,1265
2026.09.30 07:20,4179.54,4183.13,4178.88,4182.02,1350
2026.09.30 07:25,4182.11,4182.32,4179.47,4179.97,1301
2026.09.30 07:30,4180.05,4180.86,4178.82,4180.43,1435
2026.09.30 07:35,4180.39,4182.77,4179.47,4180.14,1330
2026.09.30 07:40,4180.16,4182.54,4178.92,4182.45,1228
2026.09.30 07:45,4182.44,4182.7,4179.71,4182.01,1523
2026.09.30 07:50,4181.9,4193.63,4181.73,4191.2,1587
2026.09.30 07:55,4191.19,4194.94,4190.8,4190.8,1487
2026.09.30 08:00,4190.83,4195.14,4189.72,4193.89,1771
2026.09.30 08:05,4193.9,4197.97,4191.99,4193.89,1510
2026.09.30 08:10,4193.83,4195.83,4192.31,4194.55,1502
2026.09.30 08:15,4194.59,4197.79,4194.3,4196.88,1579
2026.09.30 08:20,4196.91,4201.26,4195.55,4201.04,1389
2026.09.30 08:25,4201.05,4201.05,4194.31,4195.25,1407
2026.09.30 08:30,4195.22,4196.46,4193.81,4194.53,1391
2026.09.30 08:35,4194.63,4198.97,4194.63,4196.85,1456
2026.09.30 08:40,4196.82,4197.58,4191.44,4191.9,1148
2026.09.30 08:45,4191.87,4195.72,4191.4,4195.67,1194
2026.09.30 08:50,4195.69,4197.26,4194.55,4195.42,935
2026.09.30 08:55,4195.65,4195.97,4192.1,4193.62,1078
2026.09.30 09:00,4193.57,4196.81,4192.78,4194.37,1748
2026.09.30 09:05,4194.39,4196.48,4193.16,4195.77,1394
2026.09.30 09:10,4195.82,4195.92,4193.65,4194.75,1348
2026.09.30 09:15,4194.77,4199.86,4193.65,4197.53,1513
2026.09.30 09:20,4197.46,4201.29,4197.43,4200.49,1258
2026.09.30 09:25,4200.48,4201.68,4198.42,4199.12,1303
2026.09.30 09:30,4199.03,4201.15,4197.76,4200.5,1339
2026.09.30 09:35,4200.49,4202.21,4199.59,4201.3,1259
2026.09.30 09:40,4201.28,4201.4,4197.46,4197.91,1218
2026.09.30 09:45,4197.98,4199.55,4197.0,4197.33,1102
2026.09.30 09:50,4197.32,4197.9,4194.2,4194.47,1430
2026.09.30 09:55,4194.44,4194.5,4191.36,4191.92,1388
2026.09.30 10:00,4191.84,4193.56,4191.29,4193.55,1263
2026.09.30 10:05,4193.42,4194.34,4190.73,4191.29,1446
2026.09.30 10:10,4191.3,4191.77,4187.89,4190.65,1293
2026.09.30 10:15,4190.57,4190.98,4188.33,4188.52,1218
2026.09.30 10:20,4188.48,4188.99,4184.4,4185.11,1209
2026.09.30 10:25,4185.13,4188.02,4183.06,4185.91,1259
2026.09.30 10:30,4185.9,4190.72,4185.72,4190.0,1333
2026.09.30 10:35,4189.95,4190.07,4187.3,4187.32,838
2026.09.30 10:40,4187.41,4188.35,4187.29,4188.16,924
2026.09.30 10:45,4188.19,4189.42,4185.43,4187.42,1027
2026.09.30 10:50,4187.49,4188.26,4186.06,4187.23,1055
2026.09.30 10:55,4187.24,4189.23,4186.58,4188.06,1028
2026.09.30 11:00,4187.96,4189.96,4186.61,4189.81,1206
2026.09.30 11:05,4189.79,4190.59,4187.06,4187.51,1116
2026.09.30 11:10,4187.56,4189.03,4186.18,4188.85,968
2026.09.30 11:15,4187.0,4188.5,4184.88,4185.07,1292
2026.09.30 11:20,4185.04,4188.8,4184.78,4186.72,1206
2026.09.30 11:25,4186.7,4190.43,4186.59,4188.05,1104
2026.09.30 11:30,4188.13,4189.3,4186.41,4186.41,1106
2026.09.30 11:35,4186.4,4189.18,4186.3,4188.65,1158
2026.09.30 11:40,4188.66,4188.93,4183.81,4183.95,1099
2026.09.30 11:45,4183.94,4185.99,4182.53,4185.03,1094
2026.09.30 11:50,4184.96,4184.98,4181.32,4184.33,1067
2026.09.30 11:55,4184.36,4186.43,4183.19,4184.74,1134
2026.09.30 12:00,4184.58,4185.42,4183.82,4184.32,1308
2026.09.30 12:05,4184.28,4184.78,4179.82,4180.01,1125
2026.09.30 12:10,4180.13,4180.79,4179.05,4180.11,1289
2026.09.30 12:15,4180.13,4180.36,4177.94,4177.95,1160
2026.09.30 12:20,4177.87,4182.38,4176.45,4182.11,1282
2026.09.30 12:25,4182.13,4184.88,4181.68,4183.44,1233
2026.09.30 12:30,4183.45,4186.62,4182.58,4186.52,1222
2026.09.30 12:35,4186.51,4192.31,4186.06,4189.76,1171
2026.09.30 12:40,4189.77,4190.05,4186.12,4186.54,1224
2026.09.30 12:45,4186.55,4187.07,4183.24,4184.95,1490
2026.09.30 12:50,4184.78,4186.8,4183.95,4185.5,1442
2026.09.30 12:55,4185.51,4186.92,4184.04,4186.72,1283
2026.09.30 13:00,4186.73,4189.4,4185.15,4188.54,1437
2026.09.30 13:05,4188.57,4189.02,4185.38,4188.73,1525
2026.09.30 13:10,4188.72,4194.87,4188.44,4194.53,1378
2026.09.30 13:15,4194.42,4194.53,4189.15,4189.31,1574
2026.09.30 13:20,4189.32,4191.36,4182.81,4190.42,1789
2026.09.30 13:25,4190.41,4193.29,4187.91,4193.26,1465
2026.09.30 13:30,4193.34,4218.9,4192.84,4215.13,2654
2026.09.30 13:35,4215.03,4219.27,4204.51,4205.7,2285
2026.09.30 13:40,4205.57,4216.34,4205.52,4214.7,2322
2026.09.30 13:45,4214.71,4218.88,4207.09,4210.51,2403
2026.09.30 13:50,4210.48,4213.49,4206.56,4212.39,1983
2026.09.30 13:55,4212.41,4216.33,4206.05,4208.3,2069
2026.09.30 14:00,4208.33,4214.6,4206.91,4208.57,2210
2026.09.30 14:05,4208.58,4211.79,4205.33,4207.19,1965
2026.09.30 14:10,4207.18,4207.18,4201.67,4202.54,1979
2026.09.30 14:15,4202.65,4203.86,4194.54,4195.83,1951
2026.09.30 14:20,4195.91,4197.47,4191.2,4193.6,1895
2026.09.30 14:25,4193.53,4197.59,4192.99,4193.48,1847
2026.09.30 14:30,4193.42,4195.68,4188.16,4192.93,2331
2026.09.30 14:35,4192.88,4193.81,4183.96,4186.49,2237
2026.09.30 14:40,4186.5,4188.27,4181.87,4183.53,1883
2026.09.30 14:45,4183.51,4185.13,4177.47,4181.05,2273
2026.09.30 14:50,4180.91,4182.93,4176.65,4182.59,2326
2026.09.30 14:55,4182.46,4184.06,4177.35,4177.56,2185
2026.09.30 15:00,4177.57,4179.37,4174.22,4178.64,2282
2026.09.30 15:05,4178.7,4183.2,4175.64,4181.65,2111
2026.09.30 15:10,4181.62,4183.78,4178.55,4180.47,2202
2026.09.30 15:15,4180.46,4183.09,4173.82,4177.32,2187
2026.09.30 15:20,4177.34,4180.14,4172.68,4173.79,2080
2026.09.30 15:25,4173.75,4174.15,4169.99,4171.42,2091
2026.09.30 15:30,4171.35,4175.14,4166.98,4169.99,2309
2026.09.30 15:35,4169.97,4171.68,4164.43,4168.19,2134
2026.09.30 15:40,4168.25,4173.29,4166.6,4169.41,2147
2026.09.30 15:45,4169.38,4173.84,4168.78,4173.07,2172
2026.09.30 15:50,4173.08,4176.73,4168.46,4175.37,2165
2026.09.30 15:55,4175.38,4176.74,4165.09,4165.37,2257
2026.09.30 16:00,4165.35,4168.12,4162.03,4167.7,2253
2026.09.30 16:05,4167.64,4168.26,4159.68,4162.28,2053
2026.09.30 16:10,4162.31,4165.69,4158.62,4164.02,1986
2026.09.30 16:15,4163.99,4165.8,4158.71,4159.66,1869
2026.09.30 16:20,4159.56,4159.87,4155.72,4155.88,1882
2026.09.30 16:25,4155.81,4157.99,4151.34,4156.7,1890
2026.09.30 16:30,4156.74,4163.7,4156.74,4159.23,1823
